year,emp_type,ksic_section,industry,시간당임금총액_원,총근로시간_h,월임금총액_만원,월급여액_만원,정액급여_만원,초과급여_만원
2020,비정규근로자,A,"농업, 임업 및 어업",13107.0,133.8,170.4,164.7,160.0,4.7
2020,비정규근로자,B,광업,15123.0,149.8,208.1,204.7,171.7,33.0
2020,비정규근로자,C,제조업,13357.0,157.2,202.1,196.1,169.9,26.2
2020,비정규근로자,D,"전기, 가스, 증기 및 공기 조절 공급업",17560.0,177.4,306.5,294.0,279.9,14.1
2020,비정규근로자,E,"수도, 하수 및 폐기물 처리, 원료 재생업",15492.0,155.0,232.9,223.3,201.9,21.4
2020,비정규근로자,F,건설업,22103.0,90.2,197.9,197.0,194.7,2.3
2020,비정규근로자,G,도매 및 소매업,11821.0,103.8,122.0,120.3,117.9,2.4
2020,비정규근로자,H,운수 및 창고업,14191.0,145.3,195.6,192.6,171.3,21.3
2020,비정규근로자,I,숙박 및 음식점업,10556.0,91.6,98.3,98.0,95.6,2.3
2020,비정규근로자,J,정보통신업,16037.0,147.6,242.2,234.7,230.3,4.4
2020,비정규근로자,K,금융 및 보험업,22603.0,167.3,382.2,314.6,307.2,7.4
2020,비정규근로자,L,부동산업,11832.0,172.5,196.7,195.1,190.7,4.4
2020,비정규근로자,M,"전문, 과학 및 기술 서비스업",17190.0,148.8,253.8,245.3,240.3,5.0
2020,비정규근로자,N,"사업시설 관리, 사업 지원 및 임대 서비스업",13755.0,125.9,169.3,164.9,157.2,7.7
2020,비정규근로자,P,교육 서비스업,22361.0,98.2,156.5,154.8,153.4,1.3
2020,비정규근로자,Q,보건업 및 사회복지서비스업,13030.0,106.6,138.2,136.0,133.1,3.0
2020,비정규근로자,R,"예술, 스포츠 및 여가관련 서비스업",11640.0,112.0,130.2,129.1,126.0,3.0
2020,비정규근로자,S,"협회 및 단체, 수리 및 기타 개인 서비스업",13574.0,99.9,126.3,124.4,123.0,1.4
2020,비정규근로자,전체,전체,15015.0,114.0,162.0,158.8,152.9,5.9
2020,비정규직근로자(특수형태포함),A,"농업, 임업 및 어업",,,170.5,164.8,160.1,4.7
2020,비정규직근로자(특수형태포함),B,광업,,,236.0,232.8,201.9,31.0
2020,비정규직근로자(특수형태포함),C,제조업,,,205.0,199.3,174.5,24.8
2020,비정규직근로자(특수형태포함),D,"전기, 가스, 증기 및 공기 조절 공급업",,,306.0,293.6,279.6,14.0
2020,비정규직근로자(특수형태포함),E,"수도, 하수 및 폐기물 처리, 원료 재생업",,,234.4,225.2,204.7,20.5
2020,비정규직근로자(특수형태포함),F,건설업,,,199.8,199.0,196.7,2.3
2020,비정규직근로자(특수형태포함),G,도매 및 소매업,,,162.7,161.5,159.7,1.7
2020,비정규직근로자(특수형태포함),H,운수 및 창고업,,,300.4,298.5,285.5,13.0
2020,비정규직근로자(특수형태포함),I,숙박 및 음식점업,,,99.1,98.8,96.4,2.3
2020,비정규직근로자(특수형태포함),J,정보통신업,,,238.7,232.6,229.0,3.5
2020,비정규직근로자(특수형태포함),K,금융 및 보험업,,,344.9,331.1,329.6,1.5
2020,비정규직근로자(특수형태포함),L,부동산업,,,195.0,193.6,189.4,4.2
2020,비정규직근로자(특수형태포함),M,"전문, 과학 및 기술 서비스업",,,260.8,252.7,248.1,4.6
2020,비정규직근로자(특수형태포함),N,"사업시설 관리, 사업 지원 및 임대 서비스업",,,187.4,183.8,177.6,6.2
2020,비정규직근로자(특수형태포함),P,교육 서비스업,,,173.7,172.5,171.7,0.8
2020,비정규직근로자(특수형태포함),Q,보건업 및 사회복지서비스업,,,137.2,135.1,132.2,2.9
2020,비정규직근로자(특수형태포함),R,"예술, 스포츠 및 여가관련 서비스업",,,170.1,169.3,167.2,2.1
2020,비정규직근로자(특수형태포함),S,"협회 및 단체, 수리 및 기타 개인 서비스업",,,153.8,152.5,151.5,1.0
2020,비정규직근로자(특수형태포함),전체,전체,,,182.8,180.1,175.2,4.9
2020,전체근로자,A,"농업, 임업 및 어업",18321.0,164.0,303.0,263.2,256.1,7.1
2020,전체근로자,B,광업,21561.0,194.4,404.1,363.5,322.7,40.8
2020,전체근로자,C,제조업,20358.0,182.0,366.3,317.8,287.5,30.3
2020,전체근로자,D,"전기, 가스, 증기 및 공기 조절 공급업",34879.0,178.7,614.2,476.9,445.4,31.5
2020,전체근로자,E,"수도, 하수 및 폐기물 처리, 원료 재생업",19800.0,185.7,364.7,334.8,303.2,31.6
2020,전체근로자,F,건설업,20944.0,134.1,275.6,265.0,258.2,6.8
2020,전체근로자,G,도매 및 소매업,17903.0,164.2,299.9,277.9,271.8,6.0
2020,전체근로자,H,운수 및 창고업,18908.0,170.0,319.2,286.7,261.8,24.9
2020,전체근로자,I,숙박 및 음식점업,11435.0,135.2,158.8,155.9,151.6,4.3
2020,전체근로자,J,정보통신업,24735.0,175.8,435.1,394.2,381.0,13.2
2020,전체근로자,K,금융 및 보험업,33370.0,176.3,586.5,448.7,436.9,11.8
2020,전체근로자,L,부동산업,15199.0,174.6,261.0,245.5,240.8,4.7
2020,전체근로자,M,"전문, 과학 및 기술 서비스업",26078.0,173.9,455.5,395.9,381.3,14.6
2020,전체근로자,N,"사업시설 관리, 사업 지원 및 임대 서비스업",17164.0,166.6,287.1,266.3,253.6,12.8
2020,전체근로자,P,교육 서비스업,23505.0,139.9,304.2,284.9,281.3,3.6
2020,전체근로자,Q,보건업 및 사회복지서비스업,16036.0,157.7,258.6,245.0,235.7,9.3
2020,전체근로자,R,"예술, 스포츠 및 여가관련 서비스업",14872.0,148.3,222.1,210.5,201.7,8.8
2020,전체근로자,S,"협회 및 단체, 수리 및 기타 개인 서비스업",15062.0,161.6,242.1,226.0,221.2,4.9
2020,전체근로자,전체,전체,19316.0,163.6,318.0,286.6,272.3,14.3
2020,전체근로자(특수형태포함),A,"농업, 임업 및 어업",,,303.0,263.3,256.2,7.1
2020,전체근로자(특수형태포함),B,광업,,,405.4,365.1,324.4,40.6
2020,전체근로자(특수형태포함),C,제조업,,,365.6,317.5,287.3,30.1
2020,전체근로자(특수형태포함),D,"전기, 가스, 증기 및 공기 조절 공급업",,,614.1,476.8,445.3,31.5
2020,전체근로자(특수형태포함),E,"수도, 하수 및 폐기물 처리, 원료 재생업",,,364.2,334.5,303.1,31.4
2020,전체근로자(특수형태포함),F,건설업,,,276.2,265.7,258.9,6.7
2020,전체근로자(특수형태포함),G,도매 및 소매업,,,297.3,276.9,271.3,5.6
2020,전체근로자(특수형태포함),H,운수 및 창고업,,,332.9,303.4,280.8,22.6
2020,전체근로자(특수형태포함),I,숙박 및 음식점업,,,159.1,156.2,151.9,4.3
2020,전체근로자(특수형태포함),J,정보통신업,,,431.7,391.4,378.5,13.0
2020,전체근로자(특수형태포함),K,금융 및 보험업,,,507.9,413.3,405.1,8.1
2020,전체근로자(특수형태포함),L,부동산업,,,258.3,243.2,238.7,4.6
2020,전체근로자(특수형태포함),M,"전문, 과학 및 기술 서비스업",,,454.5,395.4,380.9,14.5
2020,전체근로자(특수형태포함),N,"사업시설 관리, 사업 지원 및 임대 서비스업",,,286.0,266.2,254.0,12.2
2020,전체근로자(특수형태포함),P,교육 서비스업,,,281.7,266.5,263.7,2.8
2020,전체근로자(특수형태포함),Q,보건업 및 사회복지서비스업,,,257.1,243.6,234.4,9.2
2020,전체근로자(특수형태포함),R,"예술, 스포츠 및 여가관련 서비스업",,,228.3,218.5,211.0,7.5
2020,전체근로자(특수형태포함),S,"협회 및 단체, 수리 및 기타 개인 서비스업",,,239.9,225.1,220.7,4.5
2020,전체근로자(특수형태포함),전체,전체,,,316.1,286.2,272.7,13.6
2020,정규근로자,A,"농업, 임업 및 어업",21126.0,180.3,374.3,316.2,307.8,8.4
2020,정규근로자,B,광업,22100.0,198.1,420.5,376.8,335.3,41.5
2020,정규근로자,C,제조업,21216.0,185.1,386.4,332.8,301.9,30.8
2020,정규근로자,D,"전기, 가스, 증기 및 공기 조절 공급업",36448.0,178.8,642.1,493.5,460.4,33.1
2020,정규근로자,E,"수도, 하수 및 폐기물 처리, 원료 재생업",20413.0,190.1,383.4,350.7,317.6,33.0
2020,정규근로자,F,건설업,19786.0,177.9,353.2,332.9,321.6,11.2
2020,정규근로자,G,도매 및 소매업,19390.0,178.9,343.4,316.4,309.5,6.9
2020,정규근로자,H,운수 및 창고업,19824.0,174.8,343.3,304.9,279.3,25.6
2020,정규근로자,I,숙박 및 음식점업,12474.0,186.8,230.3,224.6,217.8,6.7
2020,정규근로자,J,정보통신업,25416.0,178.0,450.2,406.7,392.8,13.9
2020,정규근로자,K,금융 및 보험업,34790.0,177.5,613.5,466.4,454.0,12.4
2020,정규근로자,L,부동산업,19967.0,177.5,352.1,317.0,311.8,5.2
2020,정규근로자,M,"전문, 과학 및 기술 서비스업",27052.0,176.7,477.6,412.4,396.7,15.7
2020,정규근로자,N,"사업시설 관리, 사업 지원 및 임대 서비스업",17956.0,176.1,314.4,289.9,276.0,13.9
2020,정규근로자,P,교육 서비스업,24375.0,171.6,416.4,383.7,378.3,5.4
2020,정규근로자,Q,보건업 및 사회복지서비스업,17200.0,177.5,305.3,287.2,275.4,11.8
2020,정규근로자,R,"예술, 스포츠 및 여가관련 서비스업",17216.0,174.6,288.8,269.6,256.6,13.0
2020,정규근로자,S,"협회 및 단체, 수리 및 기타 개인 서비스업",15449.0,177.6,272.3,252.5,246.8,5.8
2020,정규근로자,전체,전체,20731.0,179.8,369.3,328.6,311.6,17.0
2021,비정규근로자,A,"농업, 임업 및 어업",14300.0,137.6,181.6,174.9,167.1,7.8
2021,비정규근로자,B,광업,16265.0,127.3,193.7,189.4,170.3,19.1
2021,비정규근로자,C,제조업,13636.0,162.5,216.1,211.0,180.4,30.6
2021,비정규근로자,D,"전기, 가스, 증기 및 공기 조절 공급업",18397.0,168.5,302.8,282.8,266.5,16.3
2021,비정규근로자,E,"수도, 하수 및 폐기물 처리, 원료 재생업",15172.0,154.8,230.9,224.8,205.2,19.6
2021,비정규근로자,F,건설업,22936.0,91.9,208.3,207.5,204.9,2.7
2021,비정규근로자,G,도매 및 소매업,11775.0,105.1,125.2,123.7,120.1,3.6
2021,비정규근로자,H,운수 및 창고업,15303.0,143.1,216.6,213.6,190.7,22.9
2021,비정규근로자,I,숙박 및 음식점업,10835.0,90.1,97.7,97.3,95.0,2.3
2021,비정규근로자,J,정보통신업,15230.0,146.5,224.9,219.5,216.1,3.4
2021,비정규근로자,K,금융 및 보험업,23760.0,168.0,404.5,329.3,320.4,8.9
2021,비정규근로자,L,부동산업,11900.0,171.7,198.9,197.8,193.7,4.1
2021,비정규근로자,M,"전문, 과학 및 기술 서비스업",17761.0,146.5,257.4,249.8,243.2,6.6
2021,비정규근로자,N,"사업시설 관리, 사업 지원 및 임대 서비스업",14026.0,131.7,176.4,172.5,164.1,8.4
2021,비정규근로자,P,교육 서비스업,24105.0,96.4,158.5,156.3,154.5,1.8
2021,비정규근로자,Q,보건업 및 사회복지서비스업,12958.0,107.1,136.3,134.8,131.7,3.1
2021,비정규근로자,R,"예술, 스포츠 및 여가관련 서비스업",12151.0,114.0,136.8,136.0,132.3,3.7
2021,비정규근로자,S,"협회 및 단체, 수리 및 기타 개인 서비스업",13964.0,105.8,138.0,135.8,134.4,1.4
2021,비정규근로자,전체,전체,15482.0,115.4,168.1,164.9,158.3,6.7
2021,비정규직근로자(특수형태포함),A,"농업, 임업 및 어업",,,181.9,175.2,167.5,7.8
2021,비정규직근로자(특수형태포함),B,광업,,,256.0,252.2,235.6,16.7
2021,비정규직근로자(특수형태포함),C,제조업,,,221.0,216.1,187.3,28.8
2021,비정규직근로자(특수형태포함),D,"전기, 가스, 증기 및 공기 조절 공급업",,,301.6,281.7,265.5,16.2
2021,비정규직근로자(특수형태포함),E,"수도, 하수 및 폐기물 처리, 원료 재생업",,,232.8,226.9,207.9,19.0
2021,비정규직근로자(특수형태포함),F,건설업,,,207.8,207.1,204.5,2.7
2021,비정규직근로자(특수형태포함),G,도매 및 소매업,,,153.5,152.3,149.7,2.6
2021,비정규직근로자(특수형태포함),H,운수 및 창고업,,,347.3,345.5,331.6,13.9
2021,비정규직근로자(특수형태포함),I,숙박 및 음식점업,,,98.4,98.0,95.7,2.3
2021,비정규직근로자(특수형태포함),J,정보통신업,,,226.8,222.2,219.2,3.0
2021,비정규직근로자(특수형태포함),K,금융 및 보험업,,,347.5,331.0,329.1,2.0
2021,비정규직근로자(특수형태포함),L,부동산업,,,198.3,197.2,193.2,4.0
2021,비정규직근로자(특수형태포함),M,"전문, 과학 및 기술 서비스업",,,256.1,249.0,243.0,6.0
2021,비정규직근로자(특수형태포함),N,"사업시설 관리, 사업 지원 및 임대 서비스업",,,193.0,189.6,182.6,7.0
2021,비정규직근로자(특수형태포함),P,교육 서비스업,,,176.9,175.5,174.4,1.1
2021,비정규직근로자(특수형태포함),Q,보건업 및 사회복지서비스업,,,135.2,133.7,130.8,2.9
2021,비정규직근로자(특수형태포함),R,"예술, 스포츠 및 여가관련 서비스업",,,183.4,182.8,180.1,2.6
2021,비정규직근로자(특수형태포함),S,"협회 및 단체, 수리 및 기타 개인 서비스업",,,165.1,163.6,162.6,1.0
2021,비정규직근로자(특수형태포함),전체,전체,,,187.9,185.3,179.8,5.5
2021,전체근로자,A,"농업, 임업 및 어업",19128.0,164.3,312.7,274.7,267.3,7.4
2021,전체근로자,B,광업,22027.0,191.7,408.4,368.6,330.2,38.4
2021,전체근로자,C,제조업,20796.0,185.3,381.3,335.5,299.8,35.7
2021,전체근로자,D,"전기, 가스, 증기 및 공기 조절 공급업",35421.0,177.8,624.2,480.4,445.7,34.7
2021,전체근로자,E,"수도, 하수 및 폐기물 처리, 원료 재생업",20643.0,185.3,377.4,349.0,317.6,31.3
2021,전체근로자,F,건설업,21773.0,135.2,289.1,278.8,270.8,7.9
2021,전체근로자,G,도매 및 소매업,18322.0,163.4,307.9,287.4,280.6,6.8
2021,전체근로자,H,운수 및 창고업,20019.0,169.1,333.1,302.6,278.0,24.7
2021,전체근로자,I,숙박 및 음식점업,11746.0,133.0,160.0,157.5,152.8,4.7
2021,전체근로자,J,정보통신업,24681.0,175.0,435.8,399.0,386.2,12.7
2021,전체근로자,K,금융 및 보험업,34395.0,176.2,604.2,459.6,446.0,13.6
2021,전체근로자,L,부동산업,15265.0,173.2,261.2,245.6,240.9,4.8
2021,전체근로자,M,"전문, 과학 및 기술 서비스업",25981.0,173.8,453.6,400.4,387.5,12.9
2021,전체근로자,N,"사업시설 관리, 사업 지원 및 임대 서비스업",17575.0,168.4,296.0,274.9,261.0,13.8
2021,전체근로자,P,교육 서비스업,24335.0,138.7,303.7,286.2,282.0,4.3
2021,전체근로자,Q,보건업 및 사회복지서비스업,16211.0,157.1,260.3,250.2,240.6,9.6
2021,전체근로자,R,"예술, 스포츠 및 여가관련 서비스업",15189.0,149.3,232.0,221.0,211.5,9.4
2021,전체근로자,S,"협회 및 단체, 수리 및 기타 개인 서비스업",15472.0,162.8,250.2,234.9,229.5,5.4
2021,전체근로자,전체,전체,19806.0,164.2,327.1,297.4,281.6,15.8
2021,전체근로자(특수형태포함),A,"농업, 임업 및 어업",,,312.6,274.7,267.3,7.4
2021,전체근로자(특수형태포함),B,광업,,,411.9,372.5,334.6,37.9
2021,전체근로자(특수형태포함),C,제조업,,,380.8,335.2,299.8,35.5
2021,전체근로자(특수형태포함),D,"전기, 가스, 증기 및 공기 조절 공급업",,,623.8,480.2,445.5,34.7
2021,전체근로자(특수형태포함),E,"수도, 하수 및 폐기물 처리, 원료 재생업",,,377.0,348.7,317.5,31.2
2021,전체근로자(특수형태포함),F,건설업,,,288.6,278.4,270.4,7.9
2021,전체근로자(특수형태포함),G,도매 및 소매업,,,302.8,283.7,277.4,6.4
2021,전체근로자(특수형태포함),H,운수 및 창고업,,,354.0,326.5,304.2,22.3
2021,전체근로자(특수형태포함),I,숙박 및 음식점업,,,160.2,157.8,153.1,4.7
2021,전체근로자(특수형태포함),J,정보통신업,,,433.2,396.9,384.3,12.5
2021,전체근로자(특수형태포함),K,금융 및 보험업,,,519.4,419.8,410.4,9.4
2021,전체근로자(특수형태포함),L,부동산업,,,259.3,244.1,239.4,4.7
2021,전체근로자(특수형태포함),M,"전문, 과학 및 기술 서비스업",,,451.7,399.0,386.2,12.8
2021,전체근로자(특수형태포함),N,"사업시설 관리, 사업 지원 및 임대 서비스업",,,295.1,274.8,261.4,13.3
2021,전체근로자(특수형태포함),P,교육 서비스업,,,283.7,269.8,266.4,3.4
2021,전체근로자(특수형태포함),Q,보건업 및 사회복지서비스업,,,258.4,248.5,239.0,9.5
2021,전체근로자(특수형태포함),R,"예술, 스포츠 및 여가관련 서비스업",,,241.7,232.3,224.3,8.0
2021,전체근로자(특수형태포함),S,"협회 및 단체, 수리 및 기타 개인 서비스업",,,248.0,234.0,229.0,4.9
2021,전체근로자(특수형태포함),전체,전체,,,325.0,296.7,281.7,15.0
2021,정규근로자,A,"농업, 임업 및 어업",21584.0,177.9,379.3,325.5,318.3,7.2
2021,정규근로자,B,광업,22575.0,197.8,428.8,385.6,345.4,40.2
2021,정규근로자,C,제조업,21656.0,188.0,401.2,350.4,314.1,36.3
2021,정규근로자,D,"전기, 가스, 증기 및 공기 조절 공급업",37275.0,178.8,659.2,502.0,465.2,36.7
2021,정규근로자,E,"수도, 하수 및 폐기물 처리, 원료 재생업",21357.0,189.3,396.5,365.2,332.3,32.9
2021,정규근로자,F,건설업,20625.0,178.1,368.9,349.2,336.0,13.2
2021,정규근로자,G,도매 및 소매업,19981.0,178.1,354.2,328.9,321.3,7.6
2021,정규근로자,H,운수 및 창고업,20955.0,174.2,356.2,320.3,295.3,25.0
2021,정규근로자,I,숙박 및 음식점업,12837.0,184.3,234.6,229.7,222.0,7.6
2021,정규근로자,J,정보통신업,25576.0,177.7,455.8,416.0,402.4,13.6
2021,정규근로자,K,금융 및 보험업,35931.0,177.4,633.0,478.4,464.1,14.3
2021,정규근로자,L,부동산업,20543.0,175.5,358.9,320.6,314.8,5.8
2021,정규근로자,M,"전문, 과학 및 기술 서비스업",26884.0,176.8,475.1,417.0,403.4,13.6
2021,정규근로자,N,"사업시설 관리, 사업 지원 및 임대 서비스업",18387.0,176.8,323.3,298.3,283.2,15.1
2021,정규근로자,P,교육 서비스업,24510.0,171.0,414.2,385.1,378.9,6.2
2021,정규근로자,Q,보건업 및 사회복지서비스업,17470.0,176.4,308.2,294.9,282.8,12.1
2021,정규근로자,R,"예술, 스포츠 및 여가관련 서비스업",17424.0,175.3,302.0,283.5,269.8,13.6
2021,정규근로자,S,"협회 및 단체, 수리 및 기타 개인 서비스업",15850.0,177.0,278.3,259.8,253.4,6.4
2021,정규근로자,전체,전체,21230.0,180.2,379.5,341.0,322.2,18.8
2022,비정규근로자,A,"농업, 임업 및 어업",15834.0,127.1,187.4,180.0,171.1,8.9
2022,비정규근로자,B,광업,16773.0,142.1,236.7,233.7,208.9,24.8
2022,비정규근로자,C,제조업,15607.0,152.9,232.4,224.9,189.4,35.5
2022,비정규근로자,D,"전기, 가스, 증기 및 공기 조절 공급업",20613.0,161.6,329.0,308.4,286.4,22.1
2022,비정규근로자,E,"수도, 하수 및 폐기물 처리, 원료 재생업",17036.0,148.1,235.7,229.9,202.9,27.0
2022,비정규근로자,F,건설업,24857.0,91.4,223.3,222.3,218.5,3.8
2022,비정규근로자,G,도매 및 소매업,13240.0,104.7,140.1,137.3,133.2,4.2
2022,비정규근로자,H,운수 및 창고업,16850.0,143.7,236.5,232.3,201.4,31.0
2022,비정규근로자,I,숙박 및 음식점업,11805.0,86.2,102.4,102.0,97.8,4.2
2022,비정규근로자,J,정보통신업,16915.0,131.3,224.1,218.5,214.4,4.1
2022,비정규근로자,K,금융 및 보험업,30253.0,153.6,468.2,354.6,345.9,8.7
2022,비정규근로자,L,부동산업,12816.0,167.6,208.1,206.7,202.1,4.7
2022,비정규근로자,M,"전문, 과학 및 기술 서비스업",20006.0,132.8,262.6,254.8,250.3,4.5
2022,비정규근로자,N,"사업시설 관리, 사업 지원 및 임대 서비스업",15497.0,123.9,186.1,182.1,172.2,9.9
2022,비정규근로자,P,교육 서비스업,25362.0,90.8,165.1,163.2,160.9,2.3
2022,비정규근로자,Q,보건업 및 사회복지서비스업,14357.0,101.1,143.8,142.2,138.4,3.8
2022,비정규근로자,R,"예술, 스포츠 및 여가관련 서비스업",13202.0,108.8,144.6,143.1,138.1,5.0
2022,비정규근로자,S,"협회 및 단체, 수리 및 기타 개인 서비스업",15457.0,101.5,150.1,147.4,144.9,2.6
2022,비정규근로자,전체,전체,17233.0,111.7,182.6,178.2,169.9,8.3
2022,비정규직근로자(특수형태포함),A,"농업, 임업 및 어업",,,192.7,185.4,176.6,8.8
2022,비정규직근로자(특수형태포함),B,광업,,,295.8,293.4,272.8,20.6
2022,비정규직근로자(특수형태포함),C,제조업,,,239.8,232.6,198.8,33.8
2022,비정규직근로자(특수형태포함),D,"전기, 가스, 증기 및 공기 조절 공급업",,,327.6,307.3,285.4,21.8
2022,비정규직근로자(특수형태포함),E,"수도, 하수 및 폐기물 처리, 원료 재생업",,,253.6,247.9,221.9,26.1
2022,비정규직근로자(특수형태포함),F,건설업,,,223.8,222.7,219.0,3.8
2022,비정규직근로자(특수형태포함),G,도매 및 소매업,,,160.3,158.1,155.0,3.1
2022,비정규직근로자(특수형태포함),H,운수 및 창고업,,,339.3,336.5,315.9,20.6
2022,비정규직근로자(특수형태포함),I,숙박 및 음식점업,,,103.7,103.4,99.2,4.2
2022,비정규직근로자(특수형태포함),J,정보통신업,,,225.5,220.5,216.9,3.6
2022,비정규직근로자(특수형태포함),K,금융 및 보험업,,,378.5,349.9,347.8,2.2
2022,비정규직근로자(특수형태포함),L,부동산업,,,208.4,207.0,202.5,4.5
2022,비정규직근로자(특수형태포함),M,"전문, 과학 및 기술 서비스업",,,261.8,254.3,250.1,4.2
2022,비정규직근로자(특수형태포함),N,"사업시설 관리, 사업 지원 및 임대 서비스업",,,209.3,205.8,197.3,8.5
2022,비정규직근로자(특수형태포함),P,교육 서비스업,,,179.3,177.9,176.3,1.6
2022,비정규직근로자(특수형태포함),Q,보건업 및 사회복지서비스업,,,142.8,141.2,137.6,3.7
2022,비정규직근로자(특수형태포함),R,"예술, 스포츠 및 여가관련 서비스업",,,200.6,199.6,196.2,3.4
2022,비정규직근로자(특수형태포함),S,"협회 및 단체, 수리 및 기타 개인 서비스업",,,183.1,181.1,179.3,1.8
2022,비정규직근로자(특수형태포함),전체,전체,,,200.0,196.2,189.1,7.1
2022,전체근로자,A,"농업, 임업 및 어업",20469.0,153.7,311.3,274.8,266.7,8.1
2022,전체근로자,B,광업,24662.0,180.0,429.8,391.7,348.7,43.0
2022,전체근로자,C,제조업,23929.0,174.1,411.4,355.0,313.6,41.4
2022,전체근로자,D,"전기, 가스, 증기 및 공기 조절 공급업",37468.0,168.8,626.8,493.2,460.4,32.8
2022,전체근로자,E,"수도, 하수 및 폐기물 처리, 원료 재생업",22568.0,177.0,393.7,362.1,328.6,33.5
2022,전체근로자,F,건설업,24261.0,128.8,309.4,297.7,288.9,8.9
2022,전체근로자,G,도매 및 소매업,21563.0,155.9,342.5,316.3,308.6,7.6
2022,전체근로자,H,운수 및 창고업,21911.0,164.4,358.3,322.8,293.4,29.4
2022,전체근로자,I,숙박 및 음식점업,12811.0,130.1,170.7,168.1,161.5,6.7
2022,전체근로자,J,정보통신업,28557.0,160.7,462.4,420.4,407.7,12.6
2022,전체근로자,K,금융 및 보험업,39968.0,161.1,641.5,476.9,462.4,14.5
2022,전체근로자,L,부동산업,16844.0,166.9,274.1,258.5,253.2,5.3
2022,전체근로자,M,"전문, 과학 및 기술 서비스업",30091.0,159.6,480.9,418.7,408.4,10.3
2022,전체근로자,N,"사업시설 관리, 사업 지원 및 임대 서비스업",19366.0,157.6,305.8,282.5,265.6,16.9
2022,전체근로자,P,교육 서비스업,26502.0,128.5,314.3,295.7,290.9,4.8
2022,전체근로자,Q,보건업 및 사회복지서비스업,18254.0,145.9,272.3,261.1,250.1,11.0
2022,전체근로자,R,"예술, 스포츠 및 여가관련 서비스업",17069.0,144.5,254.7,241.8,229.7,12.1
2022,전체근로자,S,"협회 및 단체, 수리 및 기타 개인 서비스업",17315.0,155.2,266.7,250.1,243.4,6.6
2022,전체근로자,전체,전체,22651.0,154.9,352.6,317.2,299.2,18.0
2022,전체근로자(특수형태포함),A,"농업, 임업 및 어업",,,312.6,276.3,268.2,8.1
2022,전체근로자(특수형태포함),B,광업,,,432.4,395.0,352.7,42.3
2022,전체근로자(특수형태포함),C,제조업,,,411.3,355.2,314.0,41.2
2022,전체근로자(특수형태포함),D,"전기, 가스, 증기 및 공기 조절 공급업",,,626.3,492.8,460.0,32.8
2022,전체근로자(특수형태포함),E,"수도, 하수 및 폐기물 처리, 원료 재생업",,,395.4,363.9,330.6,33.3
2022,전체근로자(특수형태포함),F,건설업,,,309.3,297.7,288.9,8.9
2022,전체근로자(특수형태포함),G,도매 및 소매업,,,335.9,311.1,303.9,7.2
2022,전체근로자(특수형태포함),H,운수 및 창고업,,,373.1,340.3,313.3,27.0
2022,전체근로자(특수형태포함),I,숙박 및 음식점업,,,171.2,168.6,162.0,6.6
2022,전체근로자(특수형태포함),J,정보통신업,,,459.9,418.3,405.8,12.5
2022,전체근로자(특수형태포함),K,금융 및 보험업,,,560.2,441.2,430.8,10.4
2022,전체근로자(특수형태포함),L,부동산업,,,272.8,257.6,252.4,5.2
2022,전체근로자(특수형태포함),M,"전문, 과학 및 기술 서비스업",,,479.5,417.6,407.4,10.2
2022,전체근로자(특수형태포함),N,"사업시설 관리, 사업 지원 및 임대 서비스업",,,307.3,284.7,268.3,16.4
2022,전체근로자(특수형태포함),P,교육 서비스업,,,297.4,281.9,277.9,4.0
2022,전체근로자(특수형태포함),Q,보건업 및 사회복지서비스업,,,270.8,259.8,248.8,10.9
2022,전체근로자(특수형태포함),R,"예술, 스포츠 및 여가관련 서비스업",,,265.3,254.5,244.3,10.2
2022,전체근로자(특수형태포함),S,"협회 및 단체, 수리 및 기타 개인 서비스업",,,266.8,251.3,245.1,6.2
2022,전체근로자(특수형태포함),전체,전체,,,350.6,316.6,299.4,17.2
2022,정규근로자,A,"농업, 임업 및 어업",22919.0,167.8,376.7,324.9,317.2,7.8
2022,정규근로자,B,광업,25401.0,183.6,447.9,406.5,361.8,44.7
2022,정규근로자,C,제조업,24914.0,176.6,432.6,370.4,328.3,42.1
2022,정규근로자,D,"전기, 가스, 증기 및 공기 조절 공급업",39512.0,169.7,662.9,515.6,481.5,34.1
2022,정규근로자,E,"수도, 하수 및 폐기물 처리, 원료 재생업",23428.0,181.5,418.3,382.6,348.1,34.5
2022,정규근로자,F,건설업,23678.0,165.5,393.6,371.6,357.7,13.9
2022,정규근로자,G,도매 및 소매업,23374.0,167.1,386.6,355.2,346.8,8.4
2022,정규근로자,H,운수 및 창고업,22961.0,168.6,383.6,341.5,312.5,29.0
2022,정규근로자,I,숙박 및 음식점업,13959.0,180.2,248.7,243.6,234.2,9.4
2022,정규근로자,J,정보통신업,29689.0,163.6,485.6,440.0,426.6,13.4
2022,정규근로자,K,금융 및 보험업,41406.0,162.2,667.1,495.0,479.6,15.3
2022,정규근로자,L,부동산업,23637.0,165.8,385.4,346.0,339.5,6.5
2022,정규근로자,M,"전문, 과학 및 기술 서비스업",31304.0,162.8,507.2,438.4,427.4,11.0
2022,정규근로자,N,"사업시설 관리, 사업 지원 및 임대 서비스업",20342.0,166.2,336.0,307.8,289.1,18.7
2022,정규근로자,P,교육 서비스업,27442.0,159.6,437.1,404.7,397.9,6.8
2022,정규근로자,Q,보건업 및 사회복지서비스업,19907.0,164.9,326.8,311.6,297.5,14.1
2022,정규근로자,R,"예술, 스포츠 및 여가관련 서비스업",19720.0,168.9,330.1,309.5,292.5,17.0
2022,정규근로자,S,"협회 및 단체, 수리 및 기타 개인 서비스업",17771.0,168.4,295.4,275.3,267.6,7.6
2022,정규근로자,전체,전체,24409.0,169.0,407.8,362.3,341.2,21.1
2023,비정규근로자,A,"농업, 임업 및 어업",16234.0,139.4,205.1,197.5,189.6,7.9
2023,비정규근로자,B,광업,17037.0,153.1,250.0,245.1,213.7,31.3
2023,비정규근로자,C,제조업,16018.0,153.2,237.5,229.2,195.1,34.1
2023,비정규근로자,D,"전기, 가스, 증기 및 공기 조절 공급업",21039.0,167.0,346.1,325.3,304.2,21.1
2023,비정규근로자,E,"수도, 하수 및 폐기물 처리, 원료 재생업",17759.0,147.0,257.6,247.3,223.9,23.5
2023,비정규근로자,F,건설업,25211.0,92.5,229.9,228.7,224.4,4.3
2023,비정규근로자,G,도매 및 소매업,13736.0,100.5,139.4,137.4,132.1,5.2
2023,비정규근로자,H,운수 및 창고업,16509.0,149.2,246.5,242.0,218.2,23.8
2023,비정규근로자,I,숙박 및 음식점업,11920.0,86.8,107.1,106.7,103.8,2.8
2023,비정규근로자,J,정보통신업,18587.0,127.8,241.6,235.4,230.8,4.7
2023,비정규근로자,K,금융 및 보험업,31172.0,160.0,502.5,400.8,389.4,11.4
2023,비정규근로자,L,부동산업,13796.0,167.6,220.4,219.0,214.4,4.6
2023,비정규근로자,M,"전문, 과학 및 기술 서비스업",20729.0,138.3,282.7,270.6,263.6,7.0
2023,비정규근로자,N,"사업시설 관리, 사업 지원 및 임대 서비스업",16211.0,126.2,200.9,196.1,186.4,9.7
2023,비정규근로자,P,교육 서비스업,25422.0,96.8,182.1,179.5,177.1,2.4
2023,비정규근로자,Q,보건업 및 사회복지서비스업,15194.0,96.7,146.8,145.1,141.1,3.9
2023,비정규근로자,R,"예술, 스포츠 및 여가관련 서비스업",14483.0,113.4,159.5,158.5,152.3,6.2
2023,비정규근로자,S,"협회 및 단체, 수리 및 기타 개인 서비스업",15643.0,104.7,147.0,145.7,143.5,2.2
2023,비정규근로자,전체,전체,17586.0,111.0,187.6,183.2,175.3,7.9
2023,비정규직근로자(특수형태포함),A,"농업, 임업 및 어업",,,211.4,203.9,196.2,7.7
2023,비정규직근로자(특수형태포함),B,광업,,,367.0,363.1,339.1,24.1
2023,비정규직근로자(특수형태포함),C,제조업,,,245.0,237.1,204.6,32.5
2023,비정규직근로자(특수형태포함),D,"전기, 가스, 증기 및 공기 조절 공급업",,,346.1,325.3,304.2,21.1
2023,비정규직근로자(특수형태포함),E,"수도, 하수 및 폐기물 처리, 원료 재생업",,,269.7,260.0,238.0,22.1
2023,비정규직근로자(특수형태포함),F,건설업,,,230.0,228.9,224.6,4.3
2023,비정규직근로자(특수형태포함),G,도매 및 소매업,,,159.5,157.7,153.2,4.5
2023,비정규직근로자(특수형태포함),H,운수 및 창고업,,,342.4,339.8,326.3,13.5
2023,비정규직근로자(특수형태포함),I,숙박 및 음식점업,,,108.2,107.8,105.0,2.8
2023,비정규직근로자(특수형태포함),J,정보통신업,,,246.0,240.4,236.1,4.2
2023,비정규직근로자(특수형태포함),K,금융 및 보험업,,,437.4,411.5,408.6,2.9
2023,비정규직근로자(특수형태포함),L,부동산업,,,219.8,218.4,213.9,4.5
2023,비정규직근로자(특수형태포함),M,"전문, 과학 및 기술 서비스업",,,285.2,273.5,266.7,6.7
2023,비정규직근로자(특수형태포함),N,"사업시설 관리, 사업 지원 및 임대 서비스업",,,201.6,197.8,190.0,7.8
2023,비정규직근로자(특수형태포함),P,교육 서비스업,,,186.9,185.0,183.4,1.6
2023,비정규직근로자(특수형태포함),Q,보건업 및 사회복지서비스업,,,147.1,145.4,141.5,3.9
2023,비정규직근로자(특수형태포함),R,"예술, 스포츠 및 여가관련 서비스업",,,213.6,212.9,208.8,4.0
2023,비정규직근로자(특수형태포함),S,"협회 및 단체, 수리 및 기타 개인 서비스업",,,175.1,174.0,172.4,1.7
2023,비정규직근로자(특수형태포함),전체,전체,,,206.1,202.3,195.5,6.8
2023,전체근로자,A,"농업, 임업 및 어업",19711.0,160.5,310.4,277.5,269.3,8.3
2023,전체근로자,B,광업,24751.0,184.4,439.9,398.7,357.8,40.9
2023,전체근로자,C,제조업,24645.0,177.5,432.3,370.8,331.2,39.6
2023,전체근로자,D,"전기, 가스, 증기 및 공기 조절 공급업",37577.0,173.7,647.8,512.3,481.2,31.1
2023,전체근로자,E,"수도, 하수 및 폐기물 처리, 원료 재생업",22643.0,179.3,403.0,372.0,337.2,34.8
2023,전체근로자,F,건설업,24674.0,130.5,319.2,307.8,297.0,10.8
2023,전체근로자,G,도매 및 소매업,21232.0,157.7,344.4,318.2,309.5,8.7
2023,전체근로자,H,운수 및 창고업,22347.0,169.8,378.1,337.5,306.2,31.3
2023,전체근로자,I,숙박 및 음식점업,13119.0,131.1,179.2,176.6,170.8,5.7
2023,전체근로자,J,정보통신업,28830.0,165.5,480.3,437.5,424.3,13.2
2023,전체근로자,K,금융 및 보험업,40593.0,168.2,680.5,510.2,494.6,15.6
2023,전체근로자,L,부동산업,17420.0,169.9,287.6,271.5,266.0,5.6
2023,전체근로자,M,"전문, 과학 및 기술 서비스업",30013.0,166.0,496.8,428.3,414.8,13.5
2023,전체근로자,N,"사업시설 관리, 사업 지원 및 임대 서비스업",19636.0,164.6,322.7,298.2,279.4,18.9
2023,전체근로자,P,교육 서비스업,26271.0,132.4,320.4,304.1,299.8,4.4
2023,전체근로자,Q,보건업 및 사회복지서비스업,18792.0,143.9,278.7,265.0,253.7,11.3
2023,전체근로자,R,"예술, 스포츠 및 여가관련 서비스업",17608.0,144.6,258.4,246.2,234.1,12.1
2023,전체근로자,S,"협회 및 단체, 수리 및 기타 개인 서비스업",17168.0,156.5,264.8,248.3,241.6,6.7
2023,전체근로자,전체,전체,22878.0,157.6,364.0,326.7,308.5,18.2
2023,전체근로자(특수형태포함),A,"농업, 임업 및 어업",,,312.0,279.4,271.1,8.2
2023,전체근로자(특수형태포함),B,광업,,,448.6,408.6,368.9,39.8
2023,전체근로자(특수형태포함),C,제조업,,,432.1,370.9,331.6,39.4
2023,전체근로자(특수형태포함),D,"전기, 가스, 증기 및 공기 조절 공급업",,,647.8,512.3,481.2,31.1
2023,전체근로자(특수형태포함),E,"수도, 하수 및 폐기물 처리, 원료 재생업",,,403.4,372.6,338.1,34.5
2023,전체근로자(특수형태포함),F,건설업,,,319.1,307.7,297.0,10.7
2023,전체근로자(특수형태포함),G,도매 및 소매업,,,342.8,317.4,308.9,8.5
2023,전체근로자(특수형태포함),H,운수 및 창고업,,,388.7,352.8,325.2,27.6
2023,전체근로자(특수형태포함),I,숙박 및 음식점업,,,179.6,176.9,171.2,5.7
2023,전체근로자(특수형태포함),J,정보통신업,,,478.6,436.2,423.2,13.1
2023,전체근로자(특수형태포함),K,금융 및 보험업,,,604.0,482.8,471.7,11.1
2023,전체근로자(특수형태포함),L,부동산업,,,286.0,270.2,264.8,5.5
2023,전체근로자(특수형태포함),M,"전문, 과학 및 기술 서비스업",,,496.0,427.8,414.4,13.4
2023,전체근로자(특수형태포함),N,"사업시설 관리, 사업 지원 및 임대 서비스업",,,317.3,294.0,276.0,18.0
2023,전체근로자(특수형태포함),P,교육 서비스업,,,297.4,284.1,280.6,3.6
2023,전체근로자(특수형태포함),Q,보건업 및 사회복지서비스업,,,278.2,264.5,253.3,11.2
2023,전체근로자(특수형태포함),R,"예술, 스포츠 및 여가관련 서비스업",,,269.4,259.5,249.8,9.7
2023,전체근로자(특수형태포함),S,"협회 및 단체, 수리 및 기타 개인 서비스업",,,264.5,249.2,243.0,6.2
2023,전체근로자(특수형태포함),전체,전체,,,362.4,326.6,309.1,17.5
2023,정규근로자,A,"농업, 임업 및 어업",21659.0,172.3,369.4,322.4,313.9,8.5
2023,정규근로자,B,광업,25560.0,187.7,459.8,414.9,372.9,41.9
2023,정규근로자,C,제조업,25756.0,180.6,457.4,389.0,348.7,40.3
2023,정규근로자,D,"전기, 가스, 증기 및 공기 조절 공급업",39164.0,174.4,676.8,530.2,498.1,32.1
2023,정규근로자,E,"수도, 하수 및 폐기물 처리, 원료 재생업",23247.0,183.3,421.0,387.4,351.2,36.2
2023,정규근로자,F,건설업,24069.0,173.3,419.7,396.6,378.7,18.0
2023,정규근로자,G,도매 및 소매업,23169.0,172.4,397.4,364.9,355.3,9.6
2023,정규근로자,H,운수 및 창고업,23585.0,174.2,405.9,357.7,324.8,32.9
2023,정규근로자,I,숙박 및 음식점업,14566.0,184.6,266.3,260.9,251.8,9.2
2023,정규근로자,J,정보통신업,29808.0,169.1,503.0,456.8,442.8,14.0
2023,정규근로자,K,금융 및 보험업,42109.0,169.6,709.2,527.8,511.5,16.3
2023,정규근로자,L,부동산업,23164.0,173.5,394.0,354.7,347.7,7.1
2023,정규근로자,M,"전문, 과학 및 기술 서비스업",31288.0,169.8,526.2,449.9,435.5,14.4
2023,정규근로자,N,"사업시설 관리, 사업 지원 및 임대 서비스업",20475.0,174.1,352.5,323.2,302.1,21.1
2023,정규근로자,P,교육 서비스업,27040.0,164.7,445.6,417.0,410.9,6.1
2023,정규근로자,Q,보건업 및 사회복지서비스업,20787.0,170.1,351.9,331.5,316.1,15.4
2023,정규근로자,R,"예술, 스포츠 및 여가관련 서비스업",20188.0,170.4,340.1,318.5,301.6,16.9
2023,정규근로자,S,"협회 및 단체, 수리 및 기타 개인 서비스업",17661.0,173.3,302.9,281.4,273.3,8.1
2023,정규근로자,전체,전체,24799.0,174.5,428.0,378.7,356.8,22.0
2024,비정규근로자,A,"농업, 임업 및 어업",17892.0,136.3,218.9,209.4,201.0,8.4
2024,비정규근로자,B,광업,19539.0,142.6,263.7,256.4,229.7,26.7
2024,비정규근로자,C,제조업,17315.0,146.6,247.0,238.4,202.1,36.3
2024,비정규근로자,D,"전기, 가스, 증기 및 공기 조절 공급업",23613.0,160.8,369.6,350.5,329.9,20.6
2024,비정규근로자,E,"수도, 하수 및 폐기물 처리, 원료 재생업",19709.0,141.7,276.6,267.2,229.5,37.7
2024,비정규근로자,F,건설업,26666.0,92.3,242.9,242.1,238.7,3.4
2024,비정규근로자,G,도매 및 소매업,14248.0,97.3,140.5,138.7,134.0,4.8
2024,비정규근로자,H,운수 및 창고업,17624.0,139.5,244.9,240.3,213.6,26.7
2024,비정규근로자,I,숙박 및 음식점업,13002.0,83.1,109.5,109.1,105.3,3.8
2024,비정규근로자,J,정보통신업,19373.0,123.0,248.7,243.6,238.4,5.2
2024,비정규근로자,K,금융 및 보험업,35291.0,144.8,519.4,425.7,415.7,10.0
2024,비정규근로자,L,부동산업,14763.0,162.7,227.8,226.4,220.9,5.5
2024,비정규근로자,M,"전문, 과학 및 기술 서비스업",22910.0,128.0,293.1,282.4,270.9,11.5
2024,비정규근로자,N,"사업시설 관리, 사업 지원 및 임대 서비스업",17236.0,116.8,195.9,191.8,184.6,7.2
2024,비정규근로자,P,교육 서비스업,25659.0,91.0,188.8,185.9,183.0,2.9
2024,비정규근로자,Q,보건업 및 사회복지서비스업,15750.0,89.4,144.4,142.8,139.5,3.3
2024,비정규근로자,R,"예술, 스포츠 및 여가관련 서비스업",15920.0,106.3,166.3,164.9,158.3,6.6
2024,비정규근로자,S,"협회 및 단체, 수리 및 기타 개인 서비스업",15864.0,101.3,154.9,153.0,150.3,2.7
2024,비정규근로자,전체,전체,18404.0,105.8,190.9,186.8,178.7,8.2
2024,비정규직근로자(특수형태포함),A,"농업, 임업 및 어업",,,225.7,216.3,208.1,8.2
2024,비정규직근로자(특수형태포함),B,광업,,,345.3,339.2,317.1,22.1
2024,비정규직근로자(특수형태포함),C,제조업,,,253.4,245.2,210.4,34.8
2024,비정규직근로자(특수형태포함),D,"전기, 가스, 증기 및 공기 조절 공급업",,,369.6,350.5,329.9,20.6
2024,비정규직근로자(특수형태포함),E,"수도, 하수 및 폐기물 처리, 원료 재생업",,,276.5,267.8,232.8,35.0
2024,비정규직근로자(특수형태포함),F,건설업,,,243.1,242.3,239.0,3.4
2024,비정규직근로자(특수형태포함),G,도매 및 소매업,,,151.1,149.5,145.3,4.2
2024,비정규직근로자(특수형태포함),H,운수 및 창고업,,,346.2,343.5,327.9,15.6
2024,비정규직근로자(특수형태포함),I,숙박 및 음식점업,,,110.0,109.6,105.8,3.8
2024,비정규직근로자(특수형태포함),J,정보통신업,,,263.6,258.9,254.0,4.9
2024,비정규직근로자(특수형태포함),K,금융 및 보험업,,,437.9,414.6,412.2,2.5
2024,비정규직근로자(특수형태포함),L,부동산업,,,226.2,224.8,219.4,5.4
2024,비정규직근로자(특수형태포함),M,"전문, 과학 및 기술 서비스업",,,293.5,283.3,272.1,11.1
2024,비정규직근로자(특수형태포함),N,"사업시설 관리, 사업 지원 및 임대 서비스업",,,215.4,212.3,206.8,5.5
2024,비정규직근로자(특수형태포함),P,교육 서비스업,,,191.7,189.7,187.8,1.9
2024,비정규직근로자(특수형태포함),Q,보건업 및 사회복지서비스업,,,144.4,142.8,139.6,3.2
2024,비정규직근로자(특수형태포함),R,"예술, 스포츠 및 여가관련 서비스업",,,217.0,216.1,211.9,4.2
2024,비정규직근로자(특수형태포함),S,"협회 및 단체, 수리 및 기타 개인 서비스업",,,182.8,181.4,179.4,2.0
2024,비정규직근로자(특수형태포함),전체,전체,,,208.9,205.5,198.4,7.1
2024,전체근로자,A,"농업, 임업 및 어업",21758.0,152.2,319.3,287.8,278.8,9.0
2024,전체근로자,B,광업,26975.0,172.6,453.8,411.7,373.0,38.8
2024,전체근로자,C,제조업,27372.0,165.5,448.7,388.9,346.8,42.0
2024,전체근로자,D,"전기, 가스, 증기 및 공기 조절 공급업",40744.0,163.3,660.7,524.8,495.5,29.3
2024,전체근로자,E,"수도, 하수 및 폐기물 처리, 원료 재생업",25209.0,168.9,422.6,389.9,349.4,40.5
2024,전체근로자,F,건설업,26378.0,125.2,328.4,318.2,308.0,10.2
2024,전체근로자,G,도매 및 소매업,23800.0,146.9,357.9,332.2,323.2,9.0
2024,전체근로자,H,운수 및 창고업,25229.0,159.5,394.7,353.2,321.5,31.7
2024,전체근로자,I,숙박 및 음식점업,14227.0,126.9,185.7,183.0,175.9,7.1
2024,전체근로자,J,정보통신업,32179.0,151.7,492.1,450.1,435.8,14.3
2024,전체근로자,K,금융 및 보험업,45987.0,152.7,699.1,534.4,518.9,15.5
2024,전체근로자,L,부동산업,18971.0,160.8,293.2,278.8,272.8,6.0
2024,전체근로자,M,"전문, 과학 및 기술 서비스업",34027.0,152.4,519.4,448.9,434.3,14.6
2024,전체근로자,N,"사업시설 관리, 사업 지원 및 임대 서비스업",22010.0,153.0,336.0,311.1,292.5,18.6
2024,전체근로자,P,교육 서비스업,28039.0,122.4,327.6,310.6,305.8,4.8
2024,전체근로자,Q,보건업 및 사회복지서비스업,20046.0,132.0,276.3,263.2,252.5,10.8
2024,전체근로자,R,"예술, 스포츠 및 여가관련 서비스업",19415.0,136.9,270.3,257.5,244.8,12.7
2024,전체근로자,S,"협회 및 단체, 수리 및 기타 개인 서비스업",18443.0,147.0,270.2,254.7,248.0,6.7
2024,전체근로자,전체,전체,25156.0,146.8,373.7,337.4,318.6,18.8
2024,전체근로자(특수형태포함),A,"농업, 임업 및 어업",,,321.1,289.9,280.9,8.9
2024,전체근로자(특수형태포함),B,광업,,,460.8,419.8,382.0,37.8
2024,전체근로자(특수형태포함),C,제조업,,,448.4,388.9,347.1,41.8
2024,전체근로자(특수형태포함),D,"전기, 가스, 증기 및 공기 조절 공급업",,,660.7,524.8,495.5,29.3
2024,전체근로자(특수형태포함),E,"수도, 하수 및 폐기물 처리, 원료 재생업",,,421.3,388.9,348.7,40.2
2024,전체근로자(특수형태포함),F,건설업,,,328.4,318.2,308.0,10.2
2024,전체근로자(특수형태포함),G,도매 및 소매업,,,354.5,329.5,320.7,8.8
2024,전체근로자(특수형태포함),H,운수 및 창고업,,,405.8,369.3,341.4,27.9
2024,전체근로자(특수형태포함),I,숙박 및 음식점업,,,185.8,183.1,176.0,7.1
2024,전체근로자(특수형태포함),J,정보통신업,,,491.8,450.2,436.0,14.2
2024,전체근로자(특수형태포함),K,금융 및 보험업,,,614.2,498.0,487.1,10.9
2024,전체근로자(특수형태포함),L,부동산업,,,291.1,277.0,271.1,5.9
2024,전체근로자(특수형태포함),M,"전문, 과학 및 기술 서비스업",,,518.5,448.3,433.7,14.5
2024,전체근로자(특수형태포함),N,"사업시설 관리, 사업 지원 및 임대 서비스업",,,332.6,309.1,291.6,17.5
2024,전체근로자(특수형태포함),P,교육 서비스업,,,301.8,288.1,284.3,3.9
2024,전체근로자(특수형태포함),Q,보건업 및 사회복지서비스업,,,275.7,262.8,252.0,10.8
2024,전체근로자(특수형태포함),R,"예술, 스포츠 및 여가관련 서비스업",,,277.4,267.4,257.3,10.0
2024,전체근로자(특수형태포함),S,"협회 및 단체, 수리 및 기타 개인 서비스업",,,270.2,255.9,249.7,6.2
2024,전체근로자(특수형태포함),전체,전체,,,371.7,336.9,318.9,18.0
2024,정규근로자,A,"농업, 임업 및 어업",24094.0,161.8,379.9,335.2,325.8,9.4
2024,정규근로자,B,광업,28003.0,176.7,480.1,433.2,392.8,40.4
2024,정규근로자,C,제조업,28748.0,168.1,476.3,409.4,366.6,42.8
2024,정규근로자,D,"전기, 가스, 증기 및 공기 조절 공급업",42476.0,163.6,690.2,542.4,512.2,30.2
2024,정규근로자,E,"수도, 하수 및 폐기물 처리, 원료 재생업",25921.0,172.4,441.5,405.8,364.9,40.9
2024,정규근로자,F,건설업,26081.0,159.2,416.5,396.6,379.3,17.3
2024,정규근로자,G,도매 및 소매업,26389.0,160.4,416.8,384.7,374.5,10.2
2024,정규근로자,H,운수 및 창고업,27022.0,164.2,430.0,379.8,346.9,32.9
2024,정규근로자,I,숙박 및 음식점업,15675.0,178.6,275.7,270.3,259.3,11.0
2024,정규근로자,J,정보통신업,33563.0,154.8,518.4,472.4,457.1,15.3
2024,정규근로자,K,금융 및 보험업,47684.0,153.9,727.7,551.7,535.3,16.4
2024,정규근로자,L,부동산업,26525.0,157.5,410.6,372.9,366.1,6.8
2024,정규근로자,M,"전문, 과학 및 기술 서비스업",35642.0,155.9,552.3,473.1,458.0,15.1
2024,정규근로자,N,"사업시설 관리, 사업 지원 및 임대 서비스업",23069.0,161.0,367.0,337.5,316.5,21.1
2024,정규근로자,P,교육 서비스업,30255.0,151.7,456.7,426.6,420.0,6.6
2024,정규근로자,Q,보건업 및 사회복지서비스업,22743.0,158.8,359.1,338.9,323.4,15.5
2024,정규근로자,R,"예술, 스포츠 및 여가관련 서비스업",22370.0,162.7,358.2,335.8,318.0,17.8
2024,정규근로자,S,"협회 및 단체, 수리 및 기타 개인 서비스업",19312.0,162.5,309.0,288.9,280.9,8.0
2024,정규근로자,전체,전체,27703.0,162.2,442.7,394.2,371.4,22.8
2025,비정규근로자,A,"농업, 임업 및 어업",17658.0,142.9,227.1,215.5,203.2,12.3
2025,비정규근로자,B,광업,20116.0,142.5,273.3,258.4,227.7,30.7
2025,비정규근로자,C,제조업,17410.0,149.9,255.3,247.6,208.4,39.2
2025,비정규근로자,D,"전기, 가스, 증기 및 공기 조절 공급업",23771.0,155.4,365.4,339.1,317.4,21.8
2025,비정규근로자,E,"수도, 하수 및 폐기물 처리, 원료 재생업",20224.0,148.3,294.2,282.4,243.3,39.1
2025,비정규근로자,F,건설업,27110.0,92.1,246.1,245.2,241.2,4.0
2025,비정규근로자,G,도매 및 소매업,14795.0,95.9,145.6,143.5,138.7,4.9
2025,비정규근로자,H,운수 및 창고업,17827.0,133.5,237.3,231.5,203.5,28.0
2025,비정규근로자,I,숙박 및 음식점업,13191.0,81.7,109.4,109.0,105.3,3.7
2025,비정규근로자,J,정보통신업,20945.0,123.1,263.8,257.4,252.3,5.1
2025,비정규근로자,K,금융 및 보험업,35682.0,143.5,516.1,420.1,409.3,10.8
2025,비정규근로자,L,부동산업,15321.0,160.9,237.7,235.8,230.0,5.8
2025,비정규근로자,M,"전문, 과학 및 기술 서비스업",23155.0,122.0,280.5,272.4,264.2,8.2
2025,비정규근로자,N,"사업시설 관리, 사업 지원 및 임대 서비스업",18064.0,111.6,194.1,190.3,183.4,6.9
2025,비정규근로자,P,교육 서비스업,26115.0,90.1,191.3,188.3,185.4,2.9
2025,비정규근로자,Q,보건업 및 사회복지서비스업,15969.0,87.8,143.9,142.4,138.3,4.1
2025,비정규근로자,R,"예술, 스포츠 및 여가관련 서비스업",16224.0,104.0,165.4,163.2,156.5,6.7
2025,비정규근로자,S,"협회 및 단체, 수리 및 기타 개인 서비스업",15626.0,96.9,150.9,149.3,146.7,2.6
2025,비정규근로자,전체,전체,18635.0,104.8,192.1,188.0,179.2,8.8
2025,비정규직근로자(특수형태포함),A,"농업, 임업 및 어업",,,235.0,223.6,211.5,12.1
2025,비정규직근로자(특수형태포함),B,광업,,,331.4,318.8,292.9,25.9
2025,비정규직근로자(특수형태포함),C,제조업,,,259.1,251.5,213.5,38.1
2025,비정규직근로자(특수형태포함),D,"전기, 가스, 증기 및 공기 조절 공급업",,,365.4,339.1,317.4,21.8
2025,비정규직근로자(특수형태포함),E,"수도, 하수 및 폐기물 처리, 원료 재생업",,,294.1,283.0,246.5,36.5
2025,비정규직근로자(특수형태포함),F,건설업,,,246.5,245.6,241.6,4.0
2025,비정규직근로자(특수형태포함),G,도매 및 소매업,,,155.3,153.5,149.1,4.3
2025,비정규직근로자(특수형태포함),H,운수 및 창고업,,,340.1,336.5,319.5,17.0
2025,비정규직근로자(특수형태포함),I,숙박 및 음식점업,,,110.5,110.1,106.4,3.7
2025,비정규직근로자(특수형태포함),J,정보통신업,,,280.7,274.8,270.1,4.7
2025,비정규직근로자(특수형태포함),K,금융 및 보험업,,,423.0,401.2,398.7,2.4
2025,비정규직근로자(특수형태포함),L,부동산업,,,237.5,235.7,230.0,5.7
2025,비정규직근로자(특수형태포함),M,"전문, 과학 및 기술 서비스업",,,280.0,272.0,264.0,8.0
2025,비정규직근로자(특수형태포함),N,"사업시설 관리, 사업 지원 및 임대 서비스업",,,201.6,198.4,192.6,5.7
2025,비정규직근로자(특수형태포함),P,교육 서비스업,,,194.4,192.3,190.4,2.0
2025,비정규직근로자(특수형태포함),Q,보건업 및 사회복지서비스업,,,144.1,142.6,138.5,4.1
2025,비정규직근로자(특수형태포함),R,"예술, 스포츠 및 여가관련 서비스업",,,220.8,219.4,214.8,4.6
2025,비정규직근로자(특수형태포함),S,"협회 및 단체, 수리 및 기타 개인 서비스업",,,184.1,182.8,180.9,1.9
2025,비정규직근로자(특수형태포함),전체,전체,,,209.9,206.4,198.7,7.7
2025,전체근로자,A,"농업, 임업 및 어업",22198.0,154.2,331.1,297.5,286.4,11.1
2025,전체근로자,B,광업,27936.0,172.5,468.4,423.9,377.0,46.9
2025,전체근로자,C,제조업,27960.0,166.2,460.3,402.8,355.7,47.1
2025,전체근로자,D,"전기, 가스, 증기 및 공기 조절 공급업",43512.0,160.8,692.1,527.0,498.7,28.2
2025,전체근로자,E,"수도, 하수 및 폐기물 처리, 원료 재생업",25830.0,169.1,432.4,400.7,355.9,44.8
2025,전체근로자,F,건설업,26916.0,125.8,337.4,326.4,316.3,10.1
2025,전체근로자,G,도매 및 소매업,24762.0,147.0,372.7,345.8,335.3,10.5
2025,전체근로자,H,운수 및 창고업,25797.0,157.6,401.3,358.7,323.3,35.3
2025,전체근로자,I,숙박 및 음식점업,14670.0,126.3,192.0,189.3,181.9,7.4
2025,전체근로자,J,정보통신업,33802.0,152.4,516.3,469.0,453.1,15.9
2025,전체근로자,K,금융 및 보험업,46430.0,151.9,703.0,545.0,528.0,16.9
2025,전체근로자,L,부동산업,19613.0,159.8,304.3,288.8,282.1,6.7
2025,전체근로자,M,"전문, 과학 및 기술 서비스업",35236.0,151.7,534.9,461.6,445.6,16.0
2025,전체근로자,N,"사업시설 관리, 사업 지원 및 임대 서비스업",22915.0,151.0,344.7,320.9,301.6,19.3
2025,전체근로자,P,교육 서비스업,28455.0,121.3,330.1,313.1,307.7,5.4
2025,전체근로자,Q,보건업 및 사회복지서비스업,20600.0,129.5,280.4,266.9,254.6,12.3
2025,전체근로자,R,"예술, 스포츠 및 여가관련 서비스업",19682.0,133.6,268.8,256.4,243.1,13.3
2025,전체근로자,S,"협회 및 단체, 수리 및 기타 개인 서비스업",19017.0,147.2,281.9,265.0,257.7,7.3
2025,전체근로자,전체,전체,25839.0,146.3,383.4,346.9,326.1,20.8
2025,전체근로자(특수형태포함),A,"농업, 임업 및 어업",,,333.6,300.2,289.2,11.0
2025,전체근로자(특수형태포함),B,광업,,,473.4,430.2,384.6,45.6
2025,전체근로자(특수형태포함),C,제조업,,,460.0,402.7,355.7,46.9
2025,전체근로자(특수형태포함),D,"전기, 가스, 증기 및 공기 조절 공급업",,,692.1,527.0,498.7,28.2
2025,전체근로자(특수형태포함),E,"수도, 하수 및 폐기물 처리, 원료 재생업",,,431.2,399.8,355.4,44.4
2025,전체근로자(특수형태포함),F,건설업,,,337.4,326.5,316.4,10.1
2025,전체근로자(특수형태포함),G,도매 및 소매업,,,369.5,343.2,333.0,10.3
2025,전체근로자(특수형태포함),H,운수 및 창고업,,,412.6,374.8,343.6,31.3
2025,전체근로자(특수형태포함),I,숙박 및 음식점업,,,192.3,189.6,182.2,7.4
2025,전체근로자(특수형태포함),J,정보통신업,,,515.8,469.0,453.2,15.8
2025,전체근로자(특수형태포함),K,금융 및 보험업,,,606.0,497.8,486.2,11.6
2025,전체근로자(특수형태포함),L,부동산업,,,303.5,288.2,281.5,6.6
2025,전체근로자(특수형태포함),M,"전문, 과학 및 기술 서비스업",,,534.1,461.0,445.1,15.9
2025,전체근로자(특수형태포함),N,"사업시설 관리, 사업 지원 및 임대 서비스업",,,340.5,317.6,299.1,18.6
2025,전체근로자(특수형태포함),P,교육 서비스업,,,305.5,291.7,287.3,4.4
2025,전체근로자(특수형태포함),Q,보건업 및 사회복지서비스업,,,280.2,266.7,254.5,12.2
2025,전체근로자(특수형태포함),R,"예술, 스포츠 및 여가관련 서비스업",,,282.0,271.9,261.0,10.8
2025,전체근로자(특수형태포함),S,"협회 및 단체, 수리 및 기타 개인 서비스업",,,282.1,266.3,259.5,6.8
2025,전체근로자(특수형태포함),전체,전체,,,381.4,346.3,326.3,20.0
2025,정규근로자,A,"농업, 임업 및 어업",25124.0,161.4,398.1,350.3,340.0,10.3
2025,정규근로자,B,광업,29392.0,178.1,504.7,454.8,404.8,50.0
2025,정규근로자,C,제조업,29423.0,168.5,488.7,424.3,376.1,48.2
2025,정규근로자,D,"전기, 가스, 증기 및 공기 조절 공급업",45791.0,161.4,729.8,548.6,519.7,29.0
2025,정규근로자,E,"수도, 하수 및 폐기물 처리, 원료 재생업",26574.0,171.8,450.7,416.5,370.9,45.6
2025,정규근로자,F,건설업,26732.0,157.7,423.9,403.4,387.6,15.9
2025,정규근로자,G,도매 및 소매업,27331.0,160.1,431.3,398.0,386.0,12.0
2025,정규근로자,H,운수 및 창고업,27811.0,163.7,442.8,390.8,353.6,37.2
2025,정규근로자,I,숙박 및 음식점업,16417.0,178.9,289.4,284.0,272.3,11.8
2025,정규근로자,J,정보통신업,35208.0,155.6,543.9,492.1,475.1,17.1
2025,정규근로자,K,금융 및 보험업,48094.0,153.2,732.0,564.3,546.4,17.9
2025,정규근로자,L,부동산업,27584.0,157.6,427.9,387.2,378.9,8.3
2025,정규근로자,M,"전문, 과학 및 기술 서비스업",37139.0,156.4,575.0,491.4,474.2,17.2
2025,정규근로자,N,"사업시설 관리, 사업 지원 및 임대 서비스업",24163.0,161.2,383.5,354.5,332.0,22.5
2025,정규근로자,P,교육 서비스업,30772.0,152.2,467.5,436.7,428.8,7.9
2025,정규근로자,Q,보건업 및 사회복지서비스업,23763.0,157.9,373.6,351.9,334.1,17.8
2025,정규근로자,R,"예술, 스포츠 및 여가관련 서비스업",22976.0,161.9,367.4,345.1,325.5,19.6
2025,정규근로자,S,"협회 및 단체, 수리 및 기타 개인 서비스업",19939.0,160.9,317.6,296.5,287.9,8.6
2025,정규근로자,전체,전체,28599.0,162.1,456.7,407.8,382.4,25.5
