year,industry,ksic_section,item,value
2011,전체,전체,활동,5344863.0
2011,전체,전체,신생,812455.0
2011,전체,전체,소멸,689550.0
2011,전체,전체,신생률,15.2
2011,전체,전체,소멸률,12.9
2012,전체,전체,활동,5418402.0
2012,전체,전체,신생,775450.0
2012,전체,전체,소멸,746352.0
2012,전체,전체,신생률,14.3
2012,전체,전체,소멸률,13.8
2013,전체,전체,활동,5419315.0
2013,전체,전체,신생,755944.0
2013,전체,전체,소멸,670717.0
2013,전체,전체,신생률,13.9
2013,전체,전체,소멸률,12.4
2014,전체,전체,활동,5600663.0
2014,전체,전체,신생,849468.0
2014,전체,전체,소멸,782039.0
2014,전체,전체,신생률,15.2
2014,전체,전체,소멸률,14.0
2015,전체,전체,활동,5597935.0
2015,전체,전체,신생,821077.0
2015,전체,전체,소멸,647304.0
2015,전체,전체,신생률,14.7
2015,전체,전체,소멸률,11.6
2016,전체,전체,활동,5821078.0
2016,전체,전체,신생,884344.0
2016,전체,전체,소멸,632011.0
2016,전체,전체,신생률,15.2
2016,전체,전체,소멸률,10.9
2017,전체,전체,활동,6098631.0
2017,전체,전체,신생,921836.0
2017,전체,전체,소멸,705069.0
2017,전체,전체,신생률,15.1
2017,전체,전체,소멸률,11.6
2018,전체,전체,활동,6298581.0
2018,전체,전체,신생,927362.0
2018,전체,전체,소멸,699117.0
2018,전체,전체,신생률,14.7
2018,전체,전체,소멸률,11.1
2019,전체,전체,활동,6576661.0
2019,전체,전체,신생,1005463.0
2019,전체,전체,소멸,743882.0
2019,전체,전체,신생률,15.3
2019,전체,전체,소멸률,11.3
2020,전체,전체,활동,6873228.0
2020,전체,전체,신생,1068917.0
2020,전체,전체,소멸,768274.0
2020,전체,전체,신생률,15.6
2020,전체,전체,소멸률,11.2
2021,전체,전체,활동,7113059.0
2021,전체,전체,신생,1033758.0
2021,전체,전체,소멸,735422.0
2021,전체,전체,신생률,14.5
2021,전체,전체,소멸률,10.3
2022,전체,전체,활동,7352787.0
2022,전체,전체,신생,997471.0
2022,전체,전체,소멸,750657.0
2022,전체,전체,신생률,13.6
2022,전체,전체,소멸률,10.2
2023,전체,전체,활동,7538736.0
2023,전체,전체,신생,955941.0
2023,전체,전체,소멸,790516.0
2023,전체,전체,신생률,12.7
2023,전체,전체,소멸률,10.5
2024,전체,전체,활동,7641751.0
2024,전체,전체,신생,922413.0
2024,전체,전체,신생률,12.1
2011,"농업, 임업 및 어업",A,활동,39758.0
2011,"농업, 임업 및 어업",A,신생,3057.0
2011,"농업, 임업 및 어업",A,소멸,6507.0
2011,"농업, 임업 및 어업",A,신생률,7.7
2011,"농업, 임업 및 어업",A,소멸률,16.4
2012,"농업, 임업 및 어업",A,활동,38602.0
2012,"농업, 임업 및 어업",A,신생,5511.0
2012,"농업, 임업 및 어업",A,소멸,5247.0
2012,"농업, 임업 및 어업",A,신생률,14.3
2012,"농업, 임업 및 어업",A,소멸률,13.6
2013,"농업, 임업 및 어업",A,활동,41388.0
2013,"농업, 임업 및 어업",A,신생,7195.0
2013,"농업, 임업 및 어업",A,소멸,6453.0
2013,"농업, 임업 및 어업",A,신생률,17.4
2013,"농업, 임업 및 어업",A,소멸률,15.6
2014,"농업, 임업 및 어업",A,활동,41521.0
2014,"농업, 임업 및 어업",A,신생,6638.0
2014,"농업, 임업 및 어업",A,소멸,5524.0
2014,"농업, 임업 및 어업",A,신생률,16.0
2014,"농업, 임업 및 어업",A,소멸률,13.3
2015,"농업, 임업 및 어업",A,활동,43976.0
2015,"농업, 임업 및 어업",A,신생,7827.0
2015,"농업, 임업 및 어업",A,소멸,7184.0
2015,"농업, 임업 및 어업",A,신생률,17.8
2015,"농업, 임업 및 어업",A,소멸률,16.3
2016,"농업, 임업 및 어업",A,활동,44589.0
2016,"농업, 임업 및 어업",A,신생,7840.0
2016,"농업, 임업 및 어업",A,소멸,5762.0
2016,"농업, 임업 및 어업",A,신생률,17.6
2016,"농업, 임업 및 어업",A,소멸률,12.9
2017,"농업, 임업 및 어업",A,활동,47314.0
2017,"농업, 임업 및 어업",A,신생,8418.0
2017,"농업, 임업 및 어업",A,소멸,6772.0
2017,"농업, 임업 및 어업",A,신생률,17.8
2017,"농업, 임업 및 어업",A,소멸률,14.3
2018,"농업, 임업 및 어업",A,활동,48124.0
2018,"농업, 임업 및 어업",A,신생,7520.0
2018,"농업, 임업 및 어업",A,소멸,7033.0
2018,"농업, 임업 및 어업",A,신생률,15.6
2018,"농업, 임업 및 어업",A,소멸률,14.6
2019,"농업, 임업 및 어업",A,활동,49704.0
2019,"농업, 임업 및 어업",A,신생,8635.0
2019,"농업, 임업 및 어업",A,소멸,7491.0
2019,"농업, 임업 및 어업",A,신생률,17.4
2019,"농업, 임업 및 어업",A,소멸률,15.1
2020,"농업, 임업 및 어업",A,활동,52398.0
2020,"농업, 임업 및 어업",A,신생,10076.0
2020,"농업, 임업 및 어업",A,소멸,7053.0
2020,"농업, 임업 및 어업",A,신생률,19.2
2020,"농업, 임업 및 어업",A,소멸률,13.5
2021,"농업, 임업 및 어업",A,활동,57003.0
2021,"농업, 임업 및 어업",A,신생,11319.0
2021,"농업, 임업 및 어업",A,소멸,7247.0
2021,"농업, 임업 및 어업",A,신생률,19.9
2021,"농업, 임업 및 어업",A,소멸률,12.7
2022,"농업, 임업 및 어업",A,활동,61731.0
2022,"농업, 임업 및 어업",A,신생,11616.0
2022,"농업, 임업 및 어업",A,소멸,9852.0
2022,"농업, 임업 및 어업",A,신생률,18.8
2022,"농업, 임업 및 어업",A,소멸률,16.0
2023,"농업, 임업 및 어업",A,활동,60229.0
2023,"농업, 임업 및 어업",A,신생,8833.0
2023,"농업, 임업 및 어업",A,소멸,7814.0
2023,"농업, 임업 및 어업",A,신생률,14.7
2023,"농업, 임업 및 어업",A,소멸률,13.0
2024,"농업, 임업 및 어업",A,활동,63367.0
2024,"농업, 임업 및 어업",A,신생,10833.0
2024,"농업, 임업 및 어업",A,신생률,17.1
2011,광업,B,활동,1747.0
2011,광업,B,신생,174.0
2011,광업,B,소멸,248.0
2011,광업,B,신생률,10.0
2011,광업,B,소멸률,14.2
2012,광업,B,활동,1719.0
2012,광업,B,신생,225.0
2012,광업,B,소멸,255.0
2012,광업,B,신생률,13.1
2012,광업,B,소멸률,14.8
2013,광업,B,활동,1651.0
2013,광업,B,신생,195.0
2013,광업,B,소멸,198.0
2013,광업,B,신생률,11.8
2013,광업,B,소멸률,12.0
2014,광업,B,활동,1676.0
2014,광업,B,신생,224.0
2014,광업,B,소멸,238.0
2014,광업,B,신생률,13.4
2014,광업,B,소멸률,14.2
2015,광업,B,활동,1603.0
2015,광업,B,신생,163.0
2015,광업,B,소멸,199.0
2015,광업,B,신생률,10.2
2015,광업,B,소멸률,12.4
2016,광업,B,활동,1625.0
2016,광업,B,신생,224.0
2016,광업,B,소멸,219.0
2016,광업,B,신생률,13.8
2016,광업,B,소멸률,13.5
2017,광업,B,활동,1571.0
2017,광업,B,신생,169.0
2017,광업,B,소멸,214.0
2017,광업,B,신생률,10.8
2017,광업,B,소멸률,13.6
2018,광업,B,활동,1532.0
2018,광업,B,신생,181.0
2018,광업,B,소멸,257.0
2018,광업,B,신생률,11.8
2018,광업,B,소멸률,16.8
2019,광업,B,활동,1481.0
2019,광업,B,신생,199.0
2019,광업,B,소멸,216.0
2019,광업,B,신생률,13.4
2019,광업,B,소멸률,14.6
2020,광업,B,활동,1463.0
2020,광업,B,신생,211.0
2020,광업,B,소멸,218.0
2020,광업,B,신생률,14.4
2020,광업,B,소멸률,14.9
2021,광업,B,활동,1430.0
2021,광업,B,신생,194.0
2021,광업,B,소멸,181.0
2021,광업,B,신생률,13.6
2021,광업,B,소멸률,12.7
2022,광업,B,활동,1430.0
2022,광업,B,신생,193.0
2022,광업,B,소멸,201.0
2022,광업,B,신생률,13.5
2022,광업,B,소멸률,14.1
2023,광업,B,활동,1366.0
2023,광업,B,신생,131.0
2023,광업,B,소멸,161.0
2023,광업,B,신생률,9.6
2023,광업,B,소멸률,11.8
2024,광업,B,활동,1359.0
2024,광업,B,신생,165.0
2024,광업,B,신생률,12.1
2011,제조업,C,활동,468014.0
2011,제조업,C,신생,52351.0
2011,제조업,C,소멸,40793.0
2011,제조업,C,신생률,11.2
2011,제조업,C,소멸률,8.7
2012,제조업,C,활동,481057.0
2012,제조업,C,신생,53203.0
2012,제조업,C,소멸,44787.0
2012,제조업,C,신생률,11.1
2012,제조업,C,소멸률,9.3
2013,제조업,C,활동,488507.0
2013,제조업,C,신생,52366.0
2013,제조업,C,소멸,41939.0
2013,제조업,C,신생률,10.7
2013,제조업,C,소멸률,8.6
2014,제조업,C,활동,501596.0
2014,제조업,C,신생,55077.0
2014,제조업,C,소멸,42232.0
2014,제조업,C,신생률,11.0
2014,제조업,C,소멸률,8.4
2015,제조업,C,활동,509598.0
2015,제조업,C,신생,51295.0
2015,제조업,C,소멸,41553.0
2015,제조업,C,신생률,10.1
2015,제조업,C,소멸률,8.2
2016,제조업,C,활동,516955.0
2016,제조업,C,신생,50167.0
2016,제조업,C,소멸,38656.0
2016,제조업,C,신생률,9.7
2016,제조업,C,소멸률,7.5
2017,제조업,C,활동,525844.0
2017,제조업,C,신생,47598.0
2017,제조업,C,소멸,38891.0
2017,제조업,C,신생률,9.1
2017,제조업,C,소멸률,7.4
2018,제조업,C,활동,534087.0
2018,제조업,C,신생,47407.0
2018,제조업,C,소멸,39353.0
2018,제조업,C,신생률,8.9
2018,제조업,C,소멸률,7.4
2019,제조업,C,활동,542524.0
2019,제조업,C,신생,48313.0
2019,제조업,C,소멸,39537.0
2019,제조업,C,신생률,8.9
2019,제조업,C,소멸률,7.3
2020,제조업,C,활동,550332.0
2020,제조업,C,신생,47853.0
2020,제조업,C,소멸,36861.0
2020,제조업,C,신생률,8.7
2020,제조업,C,소멸률,6.7
2021,제조업,C,활동,562351.0
2021,제조업,C,신생,48944.0
2021,제조업,C,소멸,35680.0
2021,제조업,C,신생률,8.7
2021,제조업,C,소멸률,6.3
2022,제조업,C,활동,566952.0
2022,제조업,C,신생,40688.0
2022,제조업,C,소멸,37387.0
2022,제조업,C,신생률,7.2
2022,제조업,C,소멸률,6.6
2023,제조업,C,활동,565945.0
2023,제조업,C,신생,37124.0
2023,제조업,C,소멸,38745.0
2023,제조업,C,신생률,6.6
2023,제조업,C,소멸률,6.8
2024,제조업,C,활동,560551.0
2024,제조업,C,신생,34362.0
2024,제조업,C,신생률,6.1
2011,"전기, 가스, 증기 및 공기조절 공급업",D,활동,2192.0
2011,"전기, 가스, 증기 및 공기조절 공급업",D,신생,316.0
2011,"전기, 가스, 증기 및 공기조절 공급업",D,소멸,99.0
2011,"전기, 가스, 증기 및 공기조절 공급업",D,신생률,14.4
2011,"전기, 가스, 증기 및 공기조절 공급업",D,소멸률,4.5
2012,"전기, 가스, 증기 및 공기조절 공급업",D,활동,3006.0
2012,"전기, 가스, 증기 및 공기조절 공급업",D,신생,855.0
2012,"전기, 가스, 증기 및 공기조절 공급업",D,소멸,92.0
2012,"전기, 가스, 증기 및 공기조절 공급업",D,신생률,28.4
2012,"전기, 가스, 증기 및 공기조절 공급업",D,소멸률,3.1
2013,"전기, 가스, 증기 및 공기조절 공급업",D,활동,4495.0
2013,"전기, 가스, 증기 및 공기조절 공급업",D,신생,1449.0
2013,"전기, 가스, 증기 및 공기조절 공급업",D,소멸,159.0
2013,"전기, 가스, 증기 및 공기조절 공급업",D,신생률,32.2
2013,"전기, 가스, 증기 및 공기조절 공급업",D,소멸률,3.5
2014,"전기, 가스, 증기 및 공기조절 공급업",D,활동,8942.0
2014,"전기, 가스, 증기 및 공기조절 공급업",D,신생,4368.0
2014,"전기, 가스, 증기 및 공기조절 공급업",D,소멸,246.0
2014,"전기, 가스, 증기 및 공기조절 공급업",D,신생률,48.8
2014,"전기, 가스, 증기 및 공기조절 공급업",D,소멸률,2.8
2015,"전기, 가스, 증기 및 공기조절 공급업",D,활동,14961.0
2015,"전기, 가스, 증기 및 공기조절 공급업",D,신생,5968.0
2015,"전기, 가스, 증기 및 공기조절 공급업",D,소멸,420.0
2015,"전기, 가스, 증기 및 공기조절 공급업",D,신생률,39.9
2015,"전기, 가스, 증기 및 공기조절 공급업",D,소멸률,2.8
2016,"전기, 가스, 증기 및 공기조절 공급업",D,활동,18333.0
2016,"전기, 가스, 증기 및 공기조절 공급업",D,신생,3755.0
2016,"전기, 가스, 증기 및 공기조절 공급업",D,소멸,492.0
2016,"전기, 가스, 증기 및 공기조절 공급업",D,신생률,20.5
2016,"전기, 가스, 증기 및 공기조절 공급업",D,소멸률,2.7
2017,"전기, 가스, 증기 및 공기조절 공급업",D,활동,22941.0
2017,"전기, 가스, 증기 및 공기조절 공급업",D,신생,4956.0
2017,"전기, 가스, 증기 및 공기조절 공급업",D,소멸,603.0
2017,"전기, 가스, 증기 및 공기조절 공급업",D,신생률,21.6
2017,"전기, 가스, 증기 및 공기조절 공급업",D,소멸률,2.6
2018,"전기, 가스, 증기 및 공기조절 공급업",D,활동,31542.0
2018,"전기, 가스, 증기 및 공기조절 공급업",D,신생,8821.0
2018,"전기, 가스, 증기 및 공기조절 공급업",D,소멸,872.0
2018,"전기, 가스, 증기 및 공기조절 공급업",D,신생률,28.0
2018,"전기, 가스, 증기 및 공기조절 공급업",D,소멸률,2.8
2019,"전기, 가스, 증기 및 공기조절 공급업",D,활동,48663.0
2019,"전기, 가스, 증기 및 공기조절 공급업",D,신생,17314.0
2019,"전기, 가스, 증기 및 공기조절 공급업",D,소멸,1414.0
2019,"전기, 가스, 증기 및 공기조절 공급업",D,신생률,35.6
2019,"전기, 가스, 증기 및 공기조절 공급업",D,소멸률,2.9
2020,"전기, 가스, 증기 및 공기조절 공급업",D,활동,69769.0
2020,"전기, 가스, 증기 및 공기조절 공급업",D,신생,21883.0
2020,"전기, 가스, 증기 및 공기조절 공급업",D,소멸,2321.0
2020,"전기, 가스, 증기 및 공기조절 공급업",D,신생률,31.4
2020,"전기, 가스, 증기 및 공기조절 공급업",D,소멸률,3.3
2021,"전기, 가스, 증기 및 공기조절 공급업",D,활동,89744.0
2021,"전기, 가스, 증기 및 공기조절 공급업",D,신생,21748.0
2021,"전기, 가스, 증기 및 공기조절 공급업",D,소멸,2621.0
2021,"전기, 가스, 증기 및 공기조절 공급업",D,신생률,24.2
2021,"전기, 가스, 증기 및 공기조절 공급업",D,소멸률,2.9
2022,"전기, 가스, 증기 및 공기조절 공급업",D,활동,108002.0
2022,"전기, 가스, 증기 및 공기조절 공급업",D,신생,20098.0
2022,"전기, 가스, 증기 및 공기조절 공급업",D,소멸,2933.0
2022,"전기, 가스, 증기 및 공기조절 공급업",D,신생률,18.6
2022,"전기, 가스, 증기 및 공기조절 공급업",D,소멸률,2.7
2023,"전기, 가스, 증기 및 공기조절 공급업",D,활동,124463.0
2023,"전기, 가스, 증기 및 공기조절 공급업",D,신생,18716.0
2023,"전기, 가스, 증기 및 공기조절 공급업",D,소멸,3472.0
2023,"전기, 가스, 증기 및 공기조절 공급업",D,신생률,15.0
2023,"전기, 가스, 증기 및 공기조절 공급업",D,소멸률,2.8
2024,"전기, 가스, 증기 및 공기조절 공급업",D,활동,141215.0
2024,"전기, 가스, 증기 및 공기조절 공급업",D,신생,19155.0
2024,"전기, 가스, 증기 및 공기조절 공급업",D,신생률,13.6
2011,"수도, 하수 및 폐기물처리, 원료재생업",E,활동,8287.0
2011,"수도, 하수 및 폐기물처리, 원료재생업",E,신생,1306.0
2011,"수도, 하수 및 폐기물처리, 원료재생업",E,소멸,635.0
2011,"수도, 하수 및 폐기물처리, 원료재생업",E,신생률,15.8
2011,"수도, 하수 및 폐기물처리, 원료재생업",E,소멸률,7.7
2012,"수도, 하수 및 폐기물처리, 원료재생업",E,활동,8464.0
2012,"수도, 하수 및 폐기물처리, 원료재생업",E,신생,774.0
2012,"수도, 하수 및 폐기물처리, 원료재생업",E,소멸,620.0
2012,"수도, 하수 및 폐기물처리, 원료재생업",E,신생률,9.1
2012,"수도, 하수 및 폐기물처리, 원료재생업",E,소멸률,7.3
2013,"수도, 하수 및 폐기물처리, 원료재생업",E,활동,8568.0
2013,"수도, 하수 및 폐기물처리, 원료재생업",E,신생,739.0
2013,"수도, 하수 및 폐기물처리, 원료재생업",E,소멸,627.0
2013,"수도, 하수 및 폐기물처리, 원료재생업",E,신생률,8.6
2013,"수도, 하수 및 폐기물처리, 원료재생업",E,소멸률,7.3
2014,"수도, 하수 및 폐기물처리, 원료재생업",E,활동,8708.0
2014,"수도, 하수 및 폐기물처리, 원료재생업",E,신생,767.0
2014,"수도, 하수 및 폐기물처리, 원료재생업",E,소멸,570.0
2014,"수도, 하수 및 폐기물처리, 원료재생업",E,신생률,8.8
2014,"수도, 하수 및 폐기물처리, 원료재생업",E,소멸률,6.5
2015,"수도, 하수 및 폐기물처리, 원료재생업",E,활동,8757.0
2015,"수도, 하수 및 폐기물처리, 원료재생업",E,신생,640.0
2015,"수도, 하수 및 폐기물처리, 원료재생업",E,소멸,570.0
2015,"수도, 하수 및 폐기물처리, 원료재생업",E,신생률,7.3
2015,"수도, 하수 및 폐기물처리, 원료재생업",E,소멸률,6.5
2016,"수도, 하수 및 폐기물처리, 원료재생업",E,활동,8877.0
2016,"수도, 하수 및 폐기물처리, 원료재생업",E,신생,704.0
2016,"수도, 하수 및 폐기물처리, 원료재생업",E,소멸,540.0
2016,"수도, 하수 및 폐기물처리, 원료재생업",E,신생률,7.9
2016,"수도, 하수 및 폐기물처리, 원료재생업",E,소멸률,6.1
2017,"수도, 하수 및 폐기물처리, 원료재생업",E,활동,9032.0
2017,"수도, 하수 및 폐기물처리, 원료재생업",E,신생,717.0
2017,"수도, 하수 및 폐기물처리, 원료재생업",E,소멸,497.0
2017,"수도, 하수 및 폐기물처리, 원료재생업",E,신생률,7.9
2017,"수도, 하수 및 폐기물처리, 원료재생업",E,소멸률,5.5
2018,"수도, 하수 및 폐기물처리, 원료재생업",E,활동,9506.0
2018,"수도, 하수 및 폐기물처리, 원료재생업",E,신생,973.0
2018,"수도, 하수 및 폐기물처리, 원료재생업",E,소멸,480.0
2018,"수도, 하수 및 폐기물처리, 원료재생업",E,신생률,10.2
2018,"수도, 하수 및 폐기물처리, 원료재생업",E,소멸률,5.0
2019,"수도, 하수 및 폐기물처리, 원료재생업",E,활동,10093.0
2019,"수도, 하수 및 폐기물처리, 원료재생업",E,신생,1065.0
2019,"수도, 하수 및 폐기물처리, 원료재생업",E,소멸,497.0
2019,"수도, 하수 및 폐기물처리, 원료재생업",E,신생률,10.6
2019,"수도, 하수 및 폐기물처리, 원료재생업",E,소멸률,4.9
2020,"수도, 하수 및 폐기물처리, 원료재생업",E,활동,10575.0
2020,"수도, 하수 및 폐기물처리, 원료재생업",E,신생,928.0
2020,"수도, 하수 및 폐기물처리, 원료재생업",E,소멸,528.0
2020,"수도, 하수 및 폐기물처리, 원료재생업",E,신생률,8.8
2020,"수도, 하수 및 폐기물처리, 원료재생업",E,소멸률,5.0
2021,"수도, 하수 및 폐기물처리, 원료재생업",E,활동,10959.0
2021,"수도, 하수 및 폐기물처리, 원료재생업",E,신생,902.0
2021,"수도, 하수 및 폐기물처리, 원료재생업",E,소멸,500.0
2021,"수도, 하수 및 폐기물처리, 원료재생업",E,신생률,8.2
2021,"수도, 하수 및 폐기물처리, 원료재생업",E,소멸률,4.6
2022,"수도, 하수 및 폐기물처리, 원료재생업",E,활동,11504.0
2022,"수도, 하수 및 폐기물처리, 원료재생업",E,신생,1001.0
2022,"수도, 하수 및 폐기물처리, 원료재생업",E,소멸,582.0
2022,"수도, 하수 및 폐기물처리, 원료재생업",E,신생률,8.7
2022,"수도, 하수 및 폐기물처리, 원료재생업",E,소멸률,5.1
2023,"수도, 하수 및 폐기물처리, 원료재생업",E,활동,11632.0
2023,"수도, 하수 및 폐기물처리, 원료재생업",E,신생,736.0
2023,"수도, 하수 및 폐기물처리, 원료재생업",E,소멸,602.0
2023,"수도, 하수 및 폐기물처리, 원료재생업",E,신생률,6.3
2023,"수도, 하수 및 폐기물처리, 원료재생업",E,소멸률,5.2
2024,"수도, 하수 및 폐기물처리, 원료재생업",E,활동,11901.0
2024,"수도, 하수 및 폐기물처리, 원료재생업",E,신생,862.0
2024,"수도, 하수 및 폐기물처리, 원료재생업",E,신생률,7.2
2011,건설업,F,활동,333819.0
2011,건설업,F,신생,34708.0
2011,건설업,F,소멸,27815.0
2011,건설업,F,신생률,10.4
2011,건설업,F,소멸률,8.3
2012,건설업,F,활동,339365.0
2012,건설업,F,신생,34256.0
2012,건설업,F,소멸,29822.0
2012,건설업,F,신생률,10.1
2012,건설업,F,소멸률,8.8
2013,건설업,F,활동,343556.0
2013,건설업,F,신생,32847.0
2013,건설업,F,소멸,27058.0
2013,건설업,F,신생률,9.6
2013,건설업,F,소멸률,7.9
2014,건설업,F,활동,353233.0
2014,건설업,F,신생,36493.0
2014,건설업,F,소멸,26655.0
2014,건설업,F,신생률,10.3
2014,건설업,F,소멸률,7.5
2015,건설업,F,활동,366159.0
2015,건설업,F,신생,39686.0
2015,건설업,F,소멸,26698.0
2015,건설업,F,신생률,10.8
2015,건설업,F,소멸률,7.3
2016,건설업,F,활동,384855.0
2016,건설업,F,신생,43345.0
2016,건설업,F,소멸,26387.0
2016,건설업,F,신생률,11.3
2016,건설업,F,소멸률,6.9
2017,건설업,F,활동,407286.0
2017,건설업,F,신생,46079.0
2017,건설업,F,소멸,28878.0
2017,건설업,F,신생률,11.3
2017,건설업,F,소멸률,7.1
2018,건설업,F,활동,425963.0
2018,건설업,F,신생,47679.0
2018,건설업,F,소멸,31145.0
2018,건설업,F,신생률,11.2
2018,건설업,F,소멸률,7.3
2019,건설업,F,활동,444396.0
2019,건설업,F,신생,51172.0
2019,건설업,F,소멸,31755.0
2019,건설업,F,신생률,11.5
2019,건설업,F,소멸률,7.1
2020,건설업,F,활동,465352.0
2020,건설업,F,신생,53585.0
2020,건설업,F,소멸,30841.0
2020,건설업,F,신생률,11.5
2020,건설업,F,소멸률,6.6
2021,건설업,F,활동,490882.0
2021,건설업,F,신생,55382.0
2021,건설업,F,소멸,34064.0
2021,건설업,F,신생률,11.3
2021,건설업,F,소멸률,6.9
2022,건설업,F,활동,509156.0
2022,건설업,F,신생,50725.0
2022,건설업,F,소멸,37192.0
2022,건설업,F,신생률,10.0
2022,건설업,F,소멸률,7.3
2023,건설업,F,활동,520473.0
2023,건설업,F,신생,49491.0
2023,건설업,F,소멸,39611.0
2023,건설업,F,신생률,9.5
2023,건설업,F,소멸률,7.6
2024,건설업,F,활동,526344.0
2024,건설업,F,신생,47376.0
2024,건설업,F,신생률,9.0
2011,도매 및 소매업,G,활동,1305369.0
2011,도매 및 소매업,G,신생,222530.0
2011,도매 및 소매업,G,소멸,195990.0
2011,도매 및 소매업,G,신생률,17.0
2011,도매 및 소매업,G,소멸률,15.0
2012,도매 및 소매업,G,활동,1322333.0
2012,도매 및 소매업,G,신생,218267.0
2012,도매 및 소매업,G,소멸,205369.0
2012,도매 및 소매업,G,신생률,16.5
2012,도매 및 소매업,G,소멸률,15.5
2013,도매 및 소매업,G,활동,1316065.0
2013,도매 및 소매업,G,신생,206776.0
2013,도매 및 소매업,G,소멸,192343.0
2013,도매 및 소매업,G,신생률,15.7
2013,도매 및 소매업,G,소멸률,14.6
2014,도매 및 소매업,G,활동,1338209.0
2014,도매 및 소매업,G,신생,217103.0
2014,도매 및 소매업,G,소멸,185937.0
2014,도매 및 소매업,G,신생률,16.2
2014,도매 및 소매업,G,소멸률,13.9
2015,도매 및 소매업,G,활동,1347150.0
2015,도매 및 소매업,G,신생,202344.0
2015,도매 및 소매업,G,소멸,174511.0
2015,도매 및 소매업,G,신생률,15.0
2015,도매 및 소매업,G,소멸률,13.0
2016,도매 및 소매업,G,활동,1377429.0
2016,도매 및 소매업,G,신생,209550.0
2016,도매 및 소매업,G,소멸,166169.0
2016,도매 및 소매업,G,신생률,15.2
2016,도매 및 소매업,G,소멸률,12.1
2017,도매 및 소매업,G,활동,1414536.0
2017,도매 및 소매업,G,신생,209918.0
2017,도매 및 소매업,G,소멸,177686.0
2017,도매 및 소매업,G,신생률,14.8
2017,도매 및 소매업,G,소멸률,12.6
2018,도매 및 소매업,G,활동,1420437.0
2018,도매 및 소매업,G,신생,192384.0
2018,도매 및 소매업,G,소멸,175295.0
2018,도매 및 소매업,G,신생률,13.5
2018,도매 및 소매업,G,소멸률,12.3
2019,도매 및 소매업,G,활동,1437369.0
2019,도매 및 소매업,G,신생,202772.0
2019,도매 및 소매업,G,소멸,172302.0
2019,도매 및 소매업,G,신생률,14.1
2019,도매 및 소매업,G,소멸률,12.0
2020,도매 및 소매업,G,활동,1483304.0
2020,도매 및 소매업,G,신생,225866.0
2020,도매 및 소매업,G,소멸,178294.0
2020,도매 및 소매업,G,신생률,15.2
2020,도매 및 소매업,G,소멸률,12.0
2021,도매 및 소매업,G,활동,1531041.0
2021,도매 및 소매업,G,신생,230829.0
2021,도매 및 소매업,G,소멸,181040.0
2021,도매 및 소매업,G,신생률,15.1
2021,도매 및 소매업,G,소멸률,11.8
2022,도매 및 소매업,G,활동,1578452.0
2022,도매 및 소매업,G,신생,230019.0
2022,도매 및 소매업,G,소멸,192724.0
2022,도매 및 소매업,G,신생률,14.6
2022,도매 및 소매업,G,소멸률,12.2
2023,도매 및 소매업,G,활동,1617335.0
2023,도매 및 소매업,G,신생,234276.0
2023,도매 및 소매업,G,소멸,209680.0
2023,도매 및 소매업,G,신생률,14.5
2023,도매 및 소매업,G,소멸률,13.0
2024,도매 및 소매업,G,활동,1631734.0
2024,도매 및 소매업,G,신생,230146.0
2024,도매 및 소매업,G,신생률,14.1
2011,운수 및 창고업,H,활동,539808.0
2011,운수 및 창고업,H,신생,43700.0
2011,운수 및 창고업,H,소멸,34975.0
2011,운수 및 창고업,H,신생률,8.1
2011,운수 및 창고업,H,소멸률,6.5
2012,운수 및 창고업,H,활동,546684.0
2012,운수 및 창고업,H,신생,42841.0
2012,운수 및 창고업,H,소멸,41785.0
2012,운수 및 창고업,H,신생률,7.8
2012,운수 및 창고업,H,소멸률,7.6
2013,운수 및 창고업,H,활동,546832.0
2013,운수 및 창고업,H,신생,41754.0
2013,운수 및 창고업,H,소멸,34467.0
2013,운수 및 창고업,H,신생률,7.6
2013,운수 및 창고업,H,소멸률,6.3
2014,운수 및 창고업,H,활동,556920.0
2014,운수 및 창고업,H,신생,44821.0
2014,운수 및 창고업,H,소멸,69046.0
2014,운수 및 창고업,H,신생률,8.0
2014,운수 및 창고업,H,소멸률,12.4
2015,운수 및 창고업,H,활동,520338.0
2015,운수 및 창고업,H,신생,44064.0
2015,운수 및 창고업,H,소멸,32670.0
2015,운수 및 창고업,H,신생률,8.5
2015,운수 및 창고업,H,소멸률,6.3
2016,운수 및 창고업,H,활동,536095.0
2016,운수 및 창고업,H,신생,49807.0
2016,운수 및 창고업,H,소멸,30894.0
2016,운수 및 창고업,H,신생률,9.3
2016,운수 및 창고업,H,소멸률,5.8
2017,운수 및 창고업,H,활동,555511.0
2017,운수 및 창고업,H,신생,50804.0
2017,운수 및 창고업,H,소멸,40367.0
2017,운수 및 창고업,H,신생률,9.1
2017,운수 및 창고업,H,소멸률,7.3
2018,운수 및 창고업,H,활동,564646.0
2018,운수 및 창고업,H,신생,49611.0
2018,운수 및 창고업,H,소멸,35105.0
2018,운수 및 창고업,H,신생률,8.8
2018,운수 및 창고업,H,소멸률,6.2
2019,운수 및 창고업,H,활동,591142.0
2019,운수 및 창고업,H,신생,62436.0
2019,운수 및 창고업,H,소멸,44440.0
2019,운수 및 창고업,H,신생률,10.6
2019,운수 및 창고업,H,소멸률,7.5
2020,운수 및 창고업,H,활동,592414.0
2020,운수 및 창고업,H,신생,49532.0
2020,운수 및 창고업,H,소멸,46562.0
2020,운수 및 창고업,H,신생률,8.4
2020,운수 및 창고업,H,소멸률,7.9
2021,운수 및 창고업,H,활동,596511.0
2021,운수 및 창고업,H,신생,54184.0
2021,운수 및 창고업,H,소멸,41802.0
2021,운수 및 창고업,H,신생률,9.1
2021,운수 및 창고업,H,소멸률,7.0
2022,운수 및 창고업,H,활동,619316.0
2022,운수 및 창고업,H,신생,66889.0
2022,운수 및 창고업,H,소멸,44096.0
2022,운수 및 창고업,H,신생률,10.8
2022,운수 및 창고업,H,소멸률,7.1
2023,운수 및 창고업,H,활동,634277.0
2023,운수 및 창고업,H,신생,60066.0
2023,운수 및 창고업,H,소멸,55834.0
2023,운수 및 창고업,H,신생률,9.5
2023,운수 및 창고업,H,소멸률,8.8
2024,운수 및 창고업,H,활동,633169.0
2024,운수 및 창고업,H,신생,56335.0
2024,운수 및 창고업,H,신생률,8.9
2011,숙박 및 음식점업,I,활동,761907.0
2011,숙박 및 음식점업,I,신생,164557.0
2011,숙박 및 음식점업,I,소멸,153940.0
2011,숙박 및 음식점업,I,신생률,21.6
2011,숙박 및 음식점업,I,소멸률,20.2
2012,숙박 및 음식점업,I,활동,759926.0
2012,숙박 및 음식점업,I,신생,154817.0
2012,숙박 및 음식점업,I,소멸,160976.0
2012,숙박 및 음식점업,I,신생률,20.4
2012,숙박 및 음식점업,I,소멸률,21.2
2013,숙박 및 음식점업,I,활동,744451.0
2013,숙박 및 음식점업,I,신생,147152.0
2013,숙박 및 음식점업,I,소멸,139167.0
2013,숙박 및 음식점업,I,신생률,19.8
2013,숙박 및 음식점업,I,소멸률,18.7
2014,숙박 및 음식점업,I,활동,773546.0
2014,숙박 및 음식점업,I,신생,168517.0
2014,숙박 및 음식점업,I,소멸,141811.0
2014,숙박 및 음식점업,I,신생률,21.8
2014,숙박 및 음식점업,I,소멸률,18.3
2015,숙박 및 음식점업,I,활동,787496.0
2015,숙박 및 음식점업,I,신생,160729.0
2015,숙박 및 음식점업,I,소멸,139399.0
2015,숙박 및 음식점업,I,신생률,20.4
2015,숙박 및 음식점업,I,소멸률,17.7
2016,숙박 및 음식점업,I,활동,811285.0
2016,숙박 및 음식점업,I,신생,166841.0
2016,숙박 및 음식점업,I,소멸,141855.0
2016,숙박 및 음식점업,I,신생률,20.6
2016,숙박 및 음식점업,I,소멸률,17.5
2017,숙박 및 음식점업,I,활동,827397.0
2017,숙박 및 음식점업,I,신생,163462.0
2017,숙박 및 음식점업,I,소멸,145700.0
2017,숙박 및 음식점업,I,신생률,19.8
2017,숙박 및 음식점업,I,소멸률,17.6
2018,숙박 및 음식점업,I,활동,835323.0
2018,숙박 및 음식점업,I,신생,159548.0
2018,숙박 및 음식점업,I,소멸,138671.0
2018,숙박 및 음식점업,I,신생률,19.1
2018,숙박 및 음식점업,I,소멸률,16.6
2019,숙박 및 음식점업,I,활동,856474.0
2019,숙박 및 음식점업,I,신생,166596.0
2019,숙박 및 음식점업,I,소멸,136097.0
2019,숙박 및 음식점업,I,신생률,19.5
2019,숙박 및 음식점업,I,소멸률,15.9
2020,숙박 및 음식점업,I,활동,866002.0
2020,숙박 및 음식점업,I,신생,154741.0
2020,숙박 및 음식점업,I,소멸,132778.0
2020,숙박 및 음식점업,I,신생률,17.9
2020,숙박 및 음식점업,I,소멸률,15.3
2021,숙박 및 음식점업,I,활동,872805.0
2021,숙박 및 음식점업,I,신생,148279.0
2021,숙박 및 음식점업,I,소멸,118711.0
2021,숙박 및 음식점업,I,신생률,17.0
2021,숙박 및 음식점업,I,소멸률,13.6
2022,숙박 및 음식점업,I,활동,892399.0
2022,숙박 및 음식점업,I,신생,145322.0
2022,숙박 및 음식점업,I,소멸,124435.0
2022,숙박 및 음식점업,I,신생률,16.3
2022,숙박 및 음식점업,I,소멸률,13.9
2023,숙박 및 음식점업,I,활동,918362.0
2023,숙박 및 음식점업,I,신생,157901.0
2023,숙박 및 음식점업,I,소멸,135105.0
2023,숙박 및 음식점업,I,신생률,17.2
2023,숙박 및 음식점업,I,소멸률,14.7
2024,숙박 및 음식점업,I,활동,916804.0
2024,숙박 및 음식점업,I,신생,143842.0
2024,숙박 및 음식점업,I,신생률,15.7
2011,정보통신업,J,활동,55056.0
2011,정보통신업,J,신생,13629.0
2011,정보통신업,J,소멸,7966.0
2011,정보통신업,J,신생률,24.8
2011,정보통신업,J,소멸률,14.5
2012,정보통신업,J,활동,58976.0
2012,정보통신업,J,신생,11826.0
2012,정보통신업,J,소멸,8356.0
2012,정보통신업,J,신생률,20.1
2012,정보통신업,J,소멸률,14.2
2013,정보통신업,J,활동,63071.0
2013,정보통신업,J,신생,12466.0
2013,정보통신업,J,소멸,9223.0
2013,정보통신업,J,신생률,19.8
2013,정보통신업,J,소멸률,14.6
2014,정보통신업,J,활동,66601.0
2014,정보통신업,J,신생,12835.0
2014,정보통신업,J,소멸,8803.0
2014,정보통신업,J,신생률,19.3
2014,정보통신업,J,소멸률,13.2
2015,정보통신업,J,활동,70880.0
2015,정보통신업,J,신생,13122.0
2015,정보통신업,J,소멸,8606.0
2015,정보통신업,J,신생률,18.5
2015,정보통신업,J,소멸률,12.1
2016,정보통신업,J,활동,76142.0
2016,정보통신업,J,신생,13872.0
2016,정보통신업,J,소멸,8772.0
2016,정보통신업,J,신생률,18.2
2016,정보통신업,J,소멸률,11.5
2017,정보통신업,J,활동,81984.0
2017,정보통신업,J,신생,14653.0
2017,정보통신업,J,소멸,9402.0
2017,정보통신업,J,신생률,17.9
2017,정보통신업,J,소멸률,11.5
2018,정보통신업,J,활동,88617.0
2018,정보통신업,J,신생,16047.0
2018,정보통신업,J,소멸,10191.0
2018,정보통신업,J,신생률,18.1
2018,정보통신업,J,소멸률,11.5
2019,정보통신업,J,활동,96463.0
2019,정보통신업,J,신생,18087.0
2019,정보통신업,J,소멸,10187.0
2019,정보통신업,J,신생률,18.8
2019,정보통신업,J,소멸률,10.6
2020,정보통신업,J,활동,107894.0
2020,정보통신업,J,신생,21433.0
2020,정보통신업,J,소멸,11278.0
2020,정보통신업,J,신생률,19.9
2020,정보통신업,J,소멸률,10.5
2021,정보통신업,J,활동,122139.0
2021,정보통신업,J,신생,25179.0
2021,정보통신업,J,소멸,13068.0
2021,정보통신업,J,신생률,20.6
2021,정보통신업,J,소멸률,10.7
2022,정보통신업,J,활동,135003.0
2022,정보통신업,J,신생,25777.0
2022,정보통신업,J,소멸,15201.0
2022,정보통신업,J,신생률,19.1
2022,정보통신업,J,소멸률,11.3
2023,정보통신업,J,활동,144789.0
2023,정보통신업,J,신생,25351.0
2023,정보통신업,J,소멸,15879.0
2023,정보통신업,J,신생률,17.5
2023,정보통신업,J,소멸률,11.0
2024,정보통신업,J,활동,156357.0
2024,정보통신업,J,신생,27292.0
2024,정보통신업,J,신생률,17.5
2011,금융 및 보험업,K,활동,20563.0
2011,금융 및 보험업,K,신생,5139.0
2011,금융 및 보험업,K,소멸,4783.0
2011,금융 및 보험업,K,신생률,25.0
2011,금융 및 보험업,K,소멸률,23.3
2012,금융 및 보험업,K,활동,19833.0
2012,금융 및 보험업,K,신생,4477.0
2012,금융 및 보험업,K,소멸,4370.0
2012,금융 및 보험업,K,신생률,22.6
2012,금융 및 보험업,K,소멸률,22.0
2013,금융 및 보험업,K,활동,20665.0
2013,금융 및 보험업,K,신생,4919.0
2013,금융 및 보험업,K,소멸,4624.0
2013,금융 및 보험업,K,신생률,23.8
2013,금융 및 보험업,K,소멸률,22.4
2014,금융 및 보험업,K,활동,20647.0
2014,금융 및 보험업,K,신생,4453.0
2014,금융 및 보험업,K,소멸,3647.0
2014,금융 및 보험업,K,신생률,21.6
2014,금융 및 보험업,K,소멸률,17.7
2015,금융 및 보험업,K,활동,21045.0
2015,금융 및 보험업,K,신생,3894.0
2015,금융 및 보험업,K,소멸,3131.0
2015,금융 및 보험업,K,신생률,18.5
2015,금융 및 보험업,K,소멸률,14.9
2016,금융 및 보험업,K,활동,22129.0
2016,금융 및 보험업,K,신생,4185.0
2016,금융 및 보험업,K,소멸,3355.0
2016,금융 및 보험업,K,신생률,18.9
2016,금융 및 보험업,K,소멸률,15.2
2017,금융 및 보험업,K,활동,22713.0
2017,금융 및 보험업,K,신생,3826.0
2017,금융 및 보험업,K,소멸,3175.0
2017,금융 및 보험업,K,신생률,16.8
2017,금융 및 보험업,K,소멸률,14.0
2018,금융 및 보험업,K,활동,22403.0
2018,금융 및 보험업,K,신생,3487.0
2018,금융 및 보험업,K,소멸,3457.0
2018,금융 및 보험업,K,신생률,15.6
2018,금융 및 보험업,K,소멸률,15.4
2019,금융 및 보험업,K,활동,21854.0
2019,금융 및 보험업,K,신생,3927.0
2019,금융 및 보험업,K,소멸,3067.0
2019,금융 및 보험업,K,신생률,18.0
2019,금융 및 보험업,K,소멸률,14.0
2020,금융 및 보험업,K,활동,22387.0
2020,금융 및 보험업,K,신생,3755.0
2020,금융 및 보험업,K,소멸,3147.0
2020,금융 및 보험업,K,신생률,16.8
2020,금융 및 보험업,K,소멸률,14.1
2021,금융 및 보험업,K,활동,23336.0
2021,금융 및 보험업,K,신생,4154.0
2021,금융 및 보험업,K,소멸,2758.0
2021,금융 및 보험업,K,신생률,17.8
2021,금융 및 보험업,K,소멸률,11.8
2022,금융 및 보험업,K,활동,23578.0
2022,금융 및 보험업,K,신생,3480.0
2022,금융 및 보험업,K,소멸,2902.0
2022,금융 및 보험업,K,신생률,14.8
2022,금융 및 보험업,K,소멸률,12.3
2023,금융 및 보험업,K,활동,29506.0
2023,금융 및 보험업,K,신생,3509.0
2023,금융 및 보험업,K,소멸,2856.0
2023,금융 및 보험업,K,신생률,11.9
2023,금융 및 보험업,K,소멸률,9.7
2024,금융 및 보험업,K,활동,29893.0
2024,금융 및 보험업,K,신생,3884.0
2024,금융 및 보험업,K,신생률,13.0
2011,부동산업,L,활동,1050929.0
2011,부동산업,L,신생,128783.0
2011,부동산업,L,소멸,101594.0
2011,부동산업,L,신생률,12.3
2011,부동산업,L,소멸률,9.7
2012,부동산업,L,활동,1075378.0
2012,부동산업,L,신생,124068.0
2012,부동산업,L,소멸,122107.0
2012,부동산업,L,신생률,11.5
2012,부동산업,L,소멸률,11.4
2013,부동산업,L,활동,1081078.0
2013,부동산업,L,신생,126253.0
2013,부동산업,L,소멸,107257.0
2013,부동산업,L,신생률,11.7
2013,부동산업,L,소멸률,9.9
2014,부동산업,L,활동,1138586.0
2014,부동산업,L,신생,161881.0
2014,부동산업,L,소멸,193628.0
2014,부동산업,L,신생률,14.2
2014,부동산업,L,소멸률,17.0
2015,부동산업,L,활동,1093773.0
2015,부동산업,L,신생,157969.0
2015,부동산업,L,소멸,112395.0
2015,부동산업,L,신생률,14.4
2015,부동산업,L,소멸률,10.3
2016,부동산업,L,활동,1160181.0
2016,부동산업,L,신생,181935.0
2016,부동산업,L,소멸,105704.0
2016,부동산업,L,신생률,15.7
2016,부동산업,L,소멸률,9.1
2017,부동산업,L,활동,1270059.0
2017,부동산업,L,신생,215572.0
2017,부동산업,L,소멸,136188.0
2017,부동산업,L,신생률,17.0
2017,부동산업,L,소멸률,10.7
2018,부동산업,L,활동,1364622.0
2018,부동산업,L,신생,234963.0
2018,부동산업,L,소멸,141976.0
2018,부동산업,L,신생률,17.2
2018,부동산업,L,소멸률,10.4
2019,부동산업,L,활동,1471002.0
2019,부동산업,L,신생,252489.0
2019,부동산업,L,소멸,174633.0
2019,부동산업,L,신생률,17.2
2019,부동산업,L,소멸률,11.9
2020,부동산업,L,활동,1599467.0
2020,부동산업,L,신생,306167.0
2020,부동산업,L,소멸,194412.0
2020,부동산업,L,신생률,19.1
2020,부동산업,L,소멸률,12.2
2021,부동산업,L,활동,1652822.0
2021,부동산업,L,신생,255540.0
2021,부동산업,L,소멸,181039.0
2021,부동산업,L,신생률,15.5
2021,부동산업,L,소멸률,11.0
2022,부동산업,L,활동,1684477.0
2022,부동산업,L,신생,223811.0
2022,부동산업,L,소멸,155644.0
2022,부동산업,L,신생률,13.3
2022,부동산업,L,소멸률,9.2
2023,부동산업,L,활동,1706422.0
2023,부동산업,L,신생,185554.0
2023,부동산업,L,소멸,152299.0
2023,부동산업,L,신생률,10.9
2023,부동산업,L,소멸률,8.9
2024,부동산업,L,활동,1718845.0
2024,부동산업,L,신생,169264.0
2024,부동산업,L,신생률,9.8
2011,전문과학기술서비스업,M,활동,111519.0
2011,전문과학기술서비스업,M,신생,19997.0
2011,전문과학기술서비스업,M,소멸,12699.0
2011,전문과학기술서비스업,M,신생률,17.9
2011,전문과학기술서비스업,M,소멸률,11.4
2012,전문과학기술서비스업,M,활동,117666.0
2012,전문과학기술서비스업,M,신생,19128.0
2012,전문과학기술서비스업,M,소멸,13839.0
2012,전문과학기술서비스업,M,신생률,16.3
2012,전문과학기술서비스업,M,소멸률,11.8
2013,전문과학기술서비스업,M,활동,123586.0
2013,전문과학기술서비스업,M,신생,20101.0
2013,전문과학기술서비스업,M,소멸,13564.0
2013,전문과학기술서비스업,M,신생률,16.3
2013,전문과학기술서비스업,M,소멸률,11.0
2014,전문과학기술서비스업,M,활동,133311.0
2014,전문과학기술서비스업,M,신생,23197.0
2014,전문과학기술서비스업,M,소멸,13610.0
2014,전문과학기술서비스업,M,신생률,17.4
2014,전문과학기술서비스업,M,소멸률,10.2
2015,전문과학기술서비스업,M,활동,140864.0
2015,전문과학기술서비스업,M,신생,21406.0
2015,전문과학기술서비스업,M,소멸,13773.0
2015,전문과학기술서비스업,M,신생률,15.2
2015,전문과학기술서비스업,M,소멸률,9.8
2016,전문과학기술서비스업,M,활동,151739.0
2016,전문과학기술서비스업,M,신생,24759.0
2016,전문과학기술서비스업,M,소멸,14550.0
2016,전문과학기술서비스업,M,신생률,16.3
2016,전문과학기술서비스업,M,소멸률,9.6
2017,전문과학기술서비스업,M,활동,162649.0
2017,전문과학기술서비스업,M,신생,25442.0
2017,전문과학기술서비스업,M,소멸,16429.0
2017,전문과학기술서비스업,M,신생률,15.6
2017,전문과학기술서비스업,M,소멸률,10.1
2018,전문과학기술서비스업,M,활동,172708.0
2018,전문과학기술서비스업,M,신생,26607.0
2018,전문과학기술서비스업,M,소멸,16288.0
2018,전문과학기술서비스업,M,신생률,15.4
2018,전문과학기술서비스업,M,소멸률,9.4
2019,전문과학기술서비스업,M,활동,186573.0
2019,전문과학기술서비스업,M,신생,30167.0
2019,전문과학기술서비스업,M,소멸,17210.0
2019,전문과학기술서비스업,M,신생률,16.2
2019,전문과학기술서비스업,M,소멸률,9.2
2020,전문과학기술서비스업,M,활동,204120.0
2020,전문과학기술서비스업,M,신생,34430.0
2020,전문과학기술서비스업,M,소멸,18897.0
2020,전문과학기술서비스업,M,신생률,16.9
2020,전문과학기술서비스업,M,소멸률,9.3
2021,전문과학기술서비스업,M,활동,224550.0
2021,전문과학기술서비스업,M,신생,38957.0
2021,전문과학기술서비스업,M,소멸,20545.0
2021,전문과학기술서비스업,M,신생률,17.3
2021,전문과학기술서비스업,M,소멸률,9.1
2022,전문과학기술서비스업,M,활동,243363.0
2022,전문과학기술서비스업,M,신생,39133.0
2022,전문과학기술서비스업,M,소멸,23309.0
2022,전문과학기술서비스업,M,신생률,16.1
2022,전문과학기술서비스업,M,소멸률,9.6
2023,전문과학기술서비스업,M,활동,258266.0
2023,전문과학기술서비스업,M,신생,38372.0
2023,전문과학기술서비스업,M,소멸,24941.0
2023,전문과학기술서비스업,M,신생률,14.9
2023,전문과학기술서비스업,M,소멸률,9.7
2024,전문과학기술서비스업,M,활동,272196.0
2024,전문과학기술서비스업,M,신생,38862.0
2024,전문과학기술서비스업,M,신생률,14.3
2011,"사업시설관리, 사업지원 및 임대 서비스업",N,활동,83493.0
2011,"사업시설관리, 사업지원 및 임대 서비스업",N,신생,17180.0
2011,"사업시설관리, 사업지원 및 임대 서비스업",N,소멸,14887.0
2011,"사업시설관리, 사업지원 및 임대 서비스업",N,신생률,20.6
2011,"사업시설관리, 사업지원 및 임대 서비스업",N,소멸률,17.8
2012,"사업시설관리, 사업지원 및 임대 서비스업",N,활동,85175.0
2012,"사업시설관리, 사업지원 및 임대 서비스업",N,신생,16782.0
2012,"사업시설관리, 사업지원 및 임대 서비스업",N,소멸,14198.0
2012,"사업시설관리, 사업지원 및 임대 서비스업",N,신생률,19.7
2012,"사업시설관리, 사업지원 및 임대 서비스업",N,소멸률,16.7
2013,"사업시설관리, 사업지원 및 임대 서비스업",N,활동,88229.0
2013,"사업시설관리, 사업지원 및 임대 서비스업",N,신생,17417.0
2013,"사업시설관리, 사업지원 및 임대 서비스업",N,소멸,13449.0
2013,"사업시설관리, 사업지원 및 임대 서비스업",N,신생률,19.7
2013,"사업시설관리, 사업지원 및 임대 서비스업",N,소멸률,15.2
2014,"사업시설관리, 사업지원 및 임대 서비스업",N,활동,93840.0
2014,"사업시설관리, 사업지원 및 임대 서비스업",N,신생,19256.0
2014,"사업시설관리, 사업지원 및 임대 서비스업",N,소멸,14087.0
2014,"사업시설관리, 사업지원 및 임대 서비스업",N,신생률,20.5
2014,"사업시설관리, 사업지원 및 임대 서비스업",N,소멸률,15.0
2015,"사업시설관리, 사업지원 및 임대 서비스업",N,활동,101203.0
2015,"사업시설관리, 사업지원 및 임대 서비스업",N,신생,21595.0
2015,"사업시설관리, 사업지원 및 임대 서비스업",N,소멸,15020.0
2015,"사업시설관리, 사업지원 및 임대 서비스업",N,신생률,21.3
2015,"사업시설관리, 사업지원 및 임대 서비스업",N,소멸률,14.8
2016,"사업시설관리, 사업지원 및 임대 서비스업",N,활동,108220.0
2016,"사업시설관리, 사업지원 및 임대 서비스업",N,신생,22158.0
2016,"사업시설관리, 사업지원 및 임대 서비스업",N,소멸,14932.0
2016,"사업시설관리, 사업지원 및 임대 서비스업",N,신생률,20.5
2016,"사업시설관리, 사업지원 및 임대 서비스업",N,소멸률,13.8
2017,"사업시설관리, 사업지원 및 임대 서비스업",N,활동,118581.0
2017,"사업시설관리, 사업지원 및 임대 서비스업",N,신생,25303.0
2017,"사업시설관리, 사업지원 및 임대 서비스업",N,소멸,17620.0
2017,"사업시설관리, 사업지원 및 임대 서비스업",N,신생률,21.3
2017,"사업시설관리, 사업지원 및 임대 서비스업",N,소멸률,14.9
2018,"사업시설관리, 사업지원 및 임대 서비스업",N,활동,125766.0
2018,"사업시설관리, 사업지원 및 임대 서비스업",N,신생,24957.0
2018,"사업시설관리, 사업지원 및 임대 서비스업",N,소멸,18339.0
2018,"사업시설관리, 사업지원 및 임대 서비스업",N,신생률,19.8
2018,"사업시설관리, 사업지원 및 임대 서비스업",N,소멸률,14.6
2019,"사업시설관리, 사업지원 및 임대 서비스업",N,활동,131173.0
2019,"사업시설관리, 사업지원 및 임대 서비스업",N,신생,24139.0
2019,"사업시설관리, 사업지원 및 임대 서비스업",N,소멸,19431.0
2019,"사업시설관리, 사업지원 및 임대 서비스업",N,신생률,18.4
2019,"사업시설관리, 사업지원 및 임대 서비스업",N,소멸률,14.8
2020,"사업시설관리, 사업지원 및 임대 서비스업",N,활동,140739.0
2020,"사업시설관리, 사업지원 및 임대 서비스업",N,신생,29318.0
2020,"사업시설관리, 사업지원 및 임대 서비스업",N,소멸,20478.0
2020,"사업시설관리, 사업지원 및 임대 서비스업",N,신생률,20.8
2020,"사업시설관리, 사업지원 및 임대 서비스업",N,소멸률,14.6
2021,"사업시설관리, 사업지원 및 임대 서비스업",N,활동,144721.0
2021,"사업시설관리, 사업지원 및 임대 서비스업",N,신생,24815.0
2021,"사업시설관리, 사업지원 및 임대 서비스업",N,소멸,17824.0
2021,"사업시설관리, 사업지원 및 임대 서비스업",N,신생률,17.1
2021,"사업시설관리, 사업지원 및 임대 서비스업",N,소멸률,12.3
2022,"사업시설관리, 사업지원 및 임대 서비스업",N,활동,152377.0
2022,"사업시설관리, 사업지원 및 임대 서비스업",N,신생,25713.0
2022,"사업시설관리, 사업지원 및 임대 서비스업",N,소멸,18907.0
2022,"사업시설관리, 사업지원 및 임대 서비스업",N,신생률,16.9
2022,"사업시설관리, 사업지원 및 임대 서비스업",N,소멸률,12.4
2023,"사업시설관리, 사업지원 및 임대 서비스업",N,활동,158751.0
2023,"사업시설관리, 사업지원 및 임대 서비스업",N,신생,25390.0
2023,"사업시설관리, 사업지원 및 임대 서비스업",N,소멸,19378.0
2023,"사업시설관리, 사업지원 및 임대 서비스업",N,신생률,16.0
2023,"사업시설관리, 사업지원 및 임대 서비스업",N,소멸률,12.2
2024,"사업시설관리, 사업지원 및 임대 서비스업",N,활동,164293.0
2024,"사업시설관리, 사업지원 및 임대 서비스업",N,신생,25150.0
2024,"사업시설관리, 사업지원 및 임대 서비스업",N,신생률,15.3
2011,교육서비스업,P,활동,127847.0
2011,교육서비스업,P,신생,29122.0
2011,교육서비스업,P,소멸,25680.0
2011,교육서비스업,P,신생률,22.8
2011,교육서비스업,P,소멸률,20.1
2012,교육서비스업,P,활동,129498.0
2012,교육서비스업,P,신생,27181.0
2012,교육서비스업,P,소멸,24421.0
2012,교육서비스업,P,신생률,21.0
2012,교육서비스업,P,소멸률,18.9
2013,교육서비스업,P,활동,132782.0
2013,교육서비스업,P,신생,28180.0
2013,교육서비스업,P,소멸,24237.0
2013,교육서비스업,P,신생률,21.2
2013,교육서비스업,P,소멸률,18.3
2014,교육서비스업,P,활동,136955.0
2014,교육서비스업,P,신생,28495.0
2014,교육서비스업,P,소멸,21681.0
2014,교육서비스업,P,신생률,20.8
2014,교육서비스업,P,소멸률,15.8
2015,교육서비스업,P,활동,141830.0
2015,교육서비스업,P,신생,27258.0
2015,교육서비스업,P,소멸,21181.0
2015,교육서비스업,P,신생률,19.2
2015,교육서비스업,P,소멸률,14.9
2016,교육서비스업,P,활동,146643.0
2016,교육서비스업,P,신생,26496.0
2016,교육서비스업,P,소멸,21009.0
2016,교육서비스업,P,신생률,18.1
2016,교육서비스업,P,소멸률,14.3
2017,교육서비스업,P,활동,153678.0
2017,교육서비스업,P,신생,28572.0
2017,교육서비스업,P,소멸,23143.0
2017,교육서비스업,P,신생률,18.6
2017,교육서비스업,P,소멸률,15.1
2018,교육서비스업,P,활동,161653.0
2018,교육서비스업,P,신생,31429.0
2018,교육서비스업,P,소멸,24443.0
2018,교육서비스업,P,신생률,19.4
2018,교육서비스업,P,소멸률,15.1
2019,교육서비스업,P,활동,171451.0
2019,교육서비스업,P,신생,34844.0
2019,교육서비스업,P,소멸,26320.0
2019,교육서비스업,P,신생률,20.3
2019,교육서비스업,P,소멸률,15.4
2020,교육서비스업,P,활동,179629.0
2020,교육서비스업,P,신생,35059.0
2020,교육서비스업,P,소멸,23894.0
2020,교육서비스업,P,신생률,19.5
2020,교육서비스업,P,소멸률,13.3
2021,교육서비스업,P,활동,193853.0
2021,교육서비스업,P,신생,38442.0
2021,교육서비스업,P,소멸,22853.0
2021,교육서비스업,P,신생률,19.8
2021,교육서비스업,P,소멸률,11.8
2022,교육서비스업,P,활동,207812.0
2022,교육서비스업,P,신생,36933.0
2022,교육서비스업,P,소멸,28726.0
2022,교육서비스업,P,신생률,17.8
2022,교육서비스업,P,소멸률,13.8
2023,교육서비스업,P,활동,214571.0
2023,교육서비스업,P,신생,36177.0
2023,교육서비스업,P,소멸,27770.0
2023,교육서비스업,P,신생률,16.9
2023,교육서비스업,P,소멸률,12.9
2024,교육서비스업,P,활동,224177.0
2024,교육서비스업,P,신생,38454.0
2024,교육서비스업,P,신생률,17.2
2011,보건업 및 사회복지 서비스업,Q,활동,70524.0
2011,보건업 및 사회복지 서비스업,Q,신생,7043.0
2011,보건업 및 사회복지 서비스업,Q,소멸,5366.0
2011,보건업 및 사회복지 서비스업,Q,신생률,10.0
2011,보건업 및 사회복지 서비스업,Q,소멸률,7.6
2012,보건업 및 사회복지 서비스업,Q,활동,68959.0
2012,보건업 및 사회복지 서비스업,Q,신생,6401.0
2012,보건업 및 사회복지 서비스업,Q,소멸,5455.0
2012,보건업 및 사회복지 서비스업,Q,신생률,9.3
2012,보건업 및 사회복지 서비스업,Q,소멸률,7.9
2013,보건업 및 사회복지 서비스업,Q,활동,68845.0
2013,보건업 및 사회복지 서비스업,Q,신생,5894.0
2013,보건업 및 사회복지 서비스업,Q,소멸,4713.0
2013,보건업 및 사회복지 서비스업,Q,신생률,8.6
2013,보건업 및 사회복지 서비스업,Q,소멸률,6.8
2014,보건업 및 사회복지 서비스업,Q,활동,73161.0
2014,보건업 및 사회복지 서비스업,Q,신생,5742.0
2014,보건업 및 사회복지 서비스업,Q,소멸,3347.0
2014,보건업 및 사회복지 서비스업,Q,신생률,7.8
2014,보건업 및 사회복지 서비스업,Q,소멸률,4.6
2015,보건업 및 사회복지 서비스업,Q,활동,70124.0
2015,보건업 및 사회복지 서비스업,Q,신생,5035.0
2015,보건업 및 사회복지 서비스업,Q,소멸,3127.0
2015,보건업 및 사회복지 서비스업,Q,신생률,7.2
2015,보건업 및 사회복지 서비스업,Q,소멸률,4.5
2016,보건업 및 사회복지 서비스업,Q,활동,72025.0
2016,보건업 및 사회복지 서비스업,Q,신생,5398.0
2016,보건업 및 사회복지 서비스업,Q,소멸,3151.0
2016,보건업 및 사회복지 서비스업,Q,신생률,7.5
2016,보건업 및 사회복지 서비스업,Q,소멸률,4.4
2017,보건업 및 사회복지 서비스업,Q,활동,73574.0
2017,보건업 및 사회복지 서비스업,Q,신생,5161.0
2017,보건업 및 사회복지 서비스업,Q,소멸,3111.0
2017,보건업 및 사회복지 서비스업,Q,신생률,7.0
2017,보건업 및 사회복지 서비스업,Q,소멸률,4.2
2018,보건업 및 사회복지 서비스업,Q,활동,74988.0
2018,보건업 및 사회복지 서비스업,Q,신생,4999.0
2018,보건업 및 사회복지 서비스업,Q,소멸,3061.0
2018,보건업 및 사회복지 서비스업,Q,신생률,6.7
2018,보건업 및 사회복지 서비스업,Q,소멸률,4.1
2019,보건업 및 사회복지 서비스업,Q,활동,76584.0
2019,보건업 및 사회복지 서비스업,Q,신생,5123.0
2019,보건업 및 사회복지 서비스업,Q,소멸,2837.0
2019,보건업 및 사회복지 서비스업,Q,신생률,6.7
2019,보건업 및 사회복지 서비스업,Q,소멸률,3.7
2020,보건업 및 사회복지 서비스업,Q,활동,77630.0
2020,보건업 및 사회복지 서비스업,Q,신생,4321.0
2020,보건업 및 사회복지 서비스업,Q,소멸,2687.0
2020,보건업 및 사회복지 서비스업,Q,신생률,5.6
2020,보건업 및 사회복지 서비스업,Q,소멸률,3.5
2021,보건업 및 사회복지 서비스업,Q,활동,79140.0
2021,보건업 및 사회복지 서비스업,Q,신생,4636.0
2021,보건업 및 사회복지 서비스업,Q,소멸,2610.0
2021,보건업 및 사회복지 서비스업,Q,신생률,5.9
2021,보건업 및 사회복지 서비스업,Q,소멸률,3.3
2022,보건업 및 사회복지 서비스업,Q,활동,81323.0
2022,보건업 및 사회복지 서비스업,Q,신생,5135.0
2022,보건업 및 사회복지 서비스업,Q,소멸,2821.0
2022,보건업 및 사회복지 서비스업,Q,신생률,6.3
2022,보건업 및 사회복지 서비스업,Q,소멸률,3.5
2023,보건업 및 사회복지 서비스업,Q,활동,82624.0
2023,보건업 및 사회복지 서비스업,Q,신생,4497.0
2023,보건업 및 사회복지 서비스업,Q,소멸,2675.0
2023,보건업 및 사회복지 서비스업,Q,신생률,5.4
2023,보건업 및 사회복지 서비스업,Q,소멸률,3.2
2024,보건업 및 사회복지 서비스업,Q,활동,84916.0
2024,보건업 및 사회복지 서비스업,Q,신생,5371.0
2024,보건업 및 사회복지 서비스업,Q,신생률,6.3
2011,"예술, 스포츠 및 여가관련 서비스업",R,활동,116614.0
2011,"예술, 스포츠 및 여가관련 서비스업",R,신생,29791.0
2011,"예술, 스포츠 및 여가관련 서비스업",R,소멸,24998.0
2011,"예술, 스포츠 및 여가관련 서비스업",R,신생률,25.5
2011,"예술, 스포츠 및 여가관련 서비스업",R,소멸률,21.4
2012,"예술, 스포츠 및 여가관련 서비스업",R,활동,112695.0
2012,"예술, 스포츠 및 여가관련 서비스업",R,신생,22073.0
2012,"예술, 스포츠 및 여가관련 서비스업",R,소멸,25402.0
2012,"예술, 스포츠 및 여가관련 서비스업",R,신생률,19.6
2012,"예술, 스포츠 및 여가관련 서비스업",R,소멸률,22.5
2013,"예술, 스포츠 및 여가관련 서비스업",R,활동,106709.0
2013,"예술, 스포츠 및 여가관련 서비스업",R,신생,20034.0
2013,"예술, 스포츠 및 여가관련 서비스업",R,소멸,21050.0
2013,"예술, 스포츠 및 여가관련 서비스업",R,신생률,18.8
2013,"예술, 스포츠 및 여가관련 서비스업",R,소멸률,19.7
2014,"예술, 스포츠 및 여가관련 서비스업",R,활동,107740.0
2014,"예술, 스포츠 및 여가관련 서비스업",R,신생,22303.0
2014,"예술, 스포츠 및 여가관련 서비스업",R,소멸,20150.0
2014,"예술, 스포츠 및 여가관련 서비스업",R,신생률,20.7
2014,"예술, 스포츠 및 여가관련 서비스업",R,소멸률,18.7
2015,"예술, 스포츠 및 여가관련 서비스업",R,활동,107806.0
2015,"예술, 스포츠 및 여가관련 서비스업",R,신생,21380.0
2015,"예술, 스포츠 및 여가관련 서비스업",R,소멸,18664.0
2015,"예술, 스포츠 및 여가관련 서비스업",R,신생률,19.8
2015,"예술, 스포츠 및 여가관련 서비스업",R,소멸률,17.3
2016,"예술, 스포츠 및 여가관련 서비스업",R,활동,120137.0
2016,"예술, 스포츠 및 여가관련 서비스업",R,신생,31396.0
2016,"예술, 스포츠 및 여가관련 서비스업",R,소멸,20486.0
2016,"예술, 스포츠 및 여가관련 서비스업",R,신생률,26.1
2016,"예술, 스포츠 및 여가관련 서비스업",R,소멸률,17.1
2017,"예술, 스포츠 및 여가관련 서비스업",R,활동,127124.0
2017,"예술, 스포츠 및 여가관련 서비스업",R,신생,28416.0
2017,"예술, 스포츠 및 여가관련 서비스업",R,소멸,22534.0
2017,"예술, 스포츠 및 여가관련 서비스업",R,신생률,22.4
2017,"예술, 스포츠 및 여가관련 서비스업",R,소멸률,17.7
2018,"예술, 스포츠 및 여가관련 서비스업",R,활동,128494.0
2018,"예술, 스포츠 및 여가관련 서비스업",R,신생,25155.0
2018,"예술, 스포츠 및 여가관련 서비스업",R,소멸,21997.0
2018,"예술, 스포츠 및 여가관련 서비스업",R,신생률,19.6
2018,"예술, 스포츠 및 여가관련 서비스업",R,소멸률,17.1
2019,"예술, 스포츠 및 여가관련 서비스업",R,활동,131521.0
2019,"예술, 스포츠 및 여가관련 서비스업",R,신생,26364.0
2019,"예술, 스포츠 및 여가관련 서비스업",R,소멸,22393.0
2019,"예술, 스포츠 및 여가관련 서비스업",R,신생률,20.0
2019,"예술, 스포츠 및 여가관련 서비스업",R,소멸률,17.0
2020,"예술, 스포츠 및 여가관련 서비스업",R,활동,129547.0
2020,"예술, 스포츠 및 여가관련 서비스업",R,신생,22550.0
2020,"예술, 스포츠 및 여가관련 서비스업",R,소멸,21871.0
2020,"예술, 스포츠 및 여가관련 서비스업",R,신생률,17.4
2020,"예술, 스포츠 및 여가관련 서비스업",R,소멸률,16.9
2021,"예술, 스포츠 및 여가관련 서비스업",R,활동,128605.0
2021,"예술, 스포츠 및 여가관련 서비스업",R,신생,22308.0
2021,"예술, 스포츠 및 여가관련 서비스업",R,소멸,17929.0
2021,"예술, 스포츠 및 여가관련 서비스업",R,신생률,17.3
2021,"예술, 스포츠 및 여가관련 서비스업",R,소멸률,13.9
2022,"예술, 스포츠 및 여가관련 서비스업",R,활동,133226.0
2022,"예술, 스포츠 및 여가관련 서비스업",R,신생,23464.0
2022,"예술, 스포츠 및 여가관련 서비스업",R,소멸,18716.0
2022,"예술, 스포츠 및 여가관련 서비스업",R,신생률,17.6
2022,"예술, 스포츠 및 여가관련 서비스업",R,소멸률,14.0
2023,"예술, 스포츠 및 여가관련 서비스업",R,활동,134851.0
2023,"예술, 스포츠 및 여가관련 서비스업",R,신생,21867.0
2023,"예술, 스포츠 및 여가관련 서비스업",R,소멸,18174.0
2023,"예술, 스포츠 및 여가관련 서비스업",R,신생률,16.2
2023,"예술, 스포츠 및 여가관련 서비스업",R,소멸률,13.5
2024,"예술, 스포츠 및 여가관련 서비스업",R,활동,136762.0
2024,"예술, 스포츠 및 여가관련 서비스업",R,신생,21745.0
2024,"예술, 스포츠 및 여가관련 서비스업",R,신생률,15.9
2011,"협회 및 단체, 수리 및 기타 개인서비스업",S,활동,247417.0
2011,"협회 및 단체, 수리 및 기타 개인서비스업",S,신생,39072.0
2011,"협회 및 단체, 수리 및 기타 개인서비스업",S,소멸,30575.0
2011,"협회 및 단체, 수리 및 기타 개인서비스업",S,신생률,15.8
2011,"협회 및 단체, 수리 및 기타 개인서비스업",S,소멸률,12.4
2012,"협회 및 단체, 수리 및 기타 개인서비스업",S,활동,249066.0
2012,"협회 및 단체, 수리 및 기타 개인서비스업",S,신생,32765.0
2012,"협회 및 단체, 수리 및 기타 개인서비스업",S,소멸,39251.0
2012,"협회 및 단체, 수리 및 기타 개인서비스업",S,신생률,13.2
2012,"협회 및 단체, 수리 및 기타 개인서비스업",S,소멸률,15.8
2013,"협회 및 단체, 수리 및 기타 개인서비스업",S,활동,238837.0
2013,"협회 및 단체, 수리 및 기타 개인서비스업",S,신생,30207.0
2013,"협회 및 단체, 수리 및 기타 개인서비스업",S,소멸,30189.0
2013,"협회 및 단체, 수리 및 기타 개인서비스업",S,신생률,12.6
2013,"협회 및 단체, 수리 및 기타 개인서비스업",S,소멸률,12.6
2014,"협회 및 단체, 수리 및 기타 개인서비스업",S,활동,245471.0
2014,"협회 및 단체, 수리 및 기타 개인서비스업",S,신생,37298.0
2014,"협회 및 단체, 수리 및 기타 개인서비스업",S,소멸,30827.0
2014,"협회 및 단체, 수리 및 기타 개인서비스업",S,신생률,15.2
2014,"협회 및 단체, 수리 및 기타 개인서비스업",S,소멸률,12.6
2015,"협회 및 단체, 수리 및 기타 개인서비스업",S,활동,250372.0
2015,"협회 및 단체, 수리 및 기타 개인서비스업",S,신생,36702.0
2015,"협회 및 단체, 수리 및 기타 개인서비스업",S,소멸,28203.0
2015,"협회 및 단체, 수리 및 기타 개인서비스업",S,신생률,14.7
2015,"협회 및 단체, 수리 및 기타 개인서비스업",S,소멸률,11.3
2016,"협회 및 단체, 수리 및 기타 개인서비스업",S,활동,263819.0
2016,"협회 및 단체, 수리 및 기타 개인서비스업",S,신생,41912.0
2016,"협회 및 단체, 수리 및 기타 개인서비스업",S,소멸,29078.0
2016,"협회 및 단체, 수리 및 기타 개인서비스업",S,신생률,15.9
2016,"협회 및 단체, 수리 및 기타 개인서비스업",S,소멸률,11.0
2017,"협회 및 단체, 수리 및 기타 개인서비스업",S,활동,276837.0
2017,"협회 및 단체, 수리 및 기타 개인서비스업",S,신생,42770.0
2017,"협회 및 단체, 수리 및 기타 개인서비스업",S,소멸,33859.0
2017,"협회 및 단체, 수리 및 기타 개인서비스업",S,신생률,15.4
2017,"협회 및 단체, 수리 및 기타 개인서비스업",S,소멸률,12.2
2018,"협회 및 단체, 수리 및 기타 개인서비스업",S,활동,288170.0
2018,"협회 및 단체, 수리 및 기타 개인서비스업",S,신생,45594.0
2018,"협회 및 단체, 수리 및 기타 개인서비스업",S,소멸,31154.0
2018,"협회 및 단체, 수리 및 기타 개인서비스업",S,신생률,15.8
2018,"협회 및 단체, 수리 및 기타 개인서비스업",S,소멸률,10.8
2019,"협회 및 단체, 수리 및 기타 개인서비스업",S,활동,308194.0
2019,"협회 및 단체, 수리 및 기타 개인서비스업",S,신생,51821.0
2019,"협회 및 단체, 수리 및 기타 개인서비스업",S,소멸,34055.0
2019,"협회 및 단체, 수리 및 기타 개인서비스업",S,신생률,16.8
2019,"협회 및 단체, 수리 및 기타 개인서비스업",S,소멸률,11.0
2020,"협회 및 단체, 수리 및 기타 개인서비스업",S,활동,320206.0
2020,"협회 및 단체, 수리 및 기타 개인서비스업",S,신생,47209.0
2020,"협회 및 단체, 수리 및 기타 개인서비스업",S,소멸,36154.0
2020,"협회 및 단체, 수리 및 기타 개인서비스업",S,신생률,14.7
2020,"협회 및 단체, 수리 및 기타 개인서비스업",S,소멸률,11.3
2021,"협회 및 단체, 수리 및 기타 개인서비스업",S,활동,331167.0
2021,"협회 및 단체, 수리 및 기타 개인서비스업",S,신생,47946.0
2021,"협회 및 단체, 수리 및 기타 개인서비스업",S,소멸,34950.0
2021,"협회 및 단체, 수리 및 기타 개인서비스업",S,신생률,14.5
2021,"협회 및 단체, 수리 및 기타 개인서비스업",S,소멸률,10.6
2022,"협회 및 단체, 수리 및 기타 개인서비스업",S,활동,342686.0
2022,"협회 및 단체, 수리 및 기타 개인서비스업",S,신생,47474.0
2022,"협회 및 단체, 수리 및 기타 개인서비스업",S,소멸,35029.0
2022,"협회 및 단체, 수리 및 기타 개인서비스업",S,신생률,13.9
2022,"협회 및 단체, 수리 및 기타 개인서비스업",S,소멸률,10.2
2023,"협회 및 단체, 수리 및 기타 개인서비스업",S,활동,354874.0
2023,"협회 및 단체, 수리 및 기타 개인서비스업",S,신생,47950.0
2023,"협회 및 단체, 수리 및 기타 개인서비스업",S,소멸,35520.0
2023,"협회 및 단체, 수리 및 기타 개인서비스업",S,신생률,13.5
2023,"협회 및 단체, 수리 및 기타 개인서비스업",S,소멸률,10.0
2024,"협회 및 단체, 수리 및 기타 개인서비스업",S,활동,367868.0
2024,"협회 및 단체, 수리 및 기타 개인서비스업",S,신생,49315.0
2024,"협회 및 단체, 수리 및 기타 개인서비스업",S,신생률,13.4
