year,emp_type_code,emp_type,item,unit,value
2007,00,전체근로자,총근로일수,일,22.3
2007,00,전체근로자,총근로시간,시간,188.8
2007,00,전체근로자,소정실근로시간,시간,176.5
2007,00,전체근로자,초과근로시간,시간,12.3
2007,00,전체근로자,휴일근로시간,시간,
2007,00,전체근로자,시간당임금총액,원,12149.0
2007,00,전체근로자,시간당정액급여,원,10275.0
2007,00,전체근로자,월임금총액,천원,2178.0
2007,00,전체근로자,월급여액,천원,1847.0
2007,00,전체근로자,정액급여,천원,1732.0
2007,00,전체근로자,초과급여,천원,114.0
2007,00,전체근로자,전년도 연간특별급여/12개월,천원,332.0
2007,00,전체근로자,전년도 연간특별급여,천원,3978.0
2008,00,전체근로자,총근로일수,일,21.7
2008,00,전체근로자,총근로시간,시간,184.5
2008,00,전체근로자,소정실근로시간,시간,172.8
2008,00,전체근로자,초과근로시간,시간,11.7
2008,00,전체근로자,휴일근로시간,시간,
2008,00,전체근로자,시간당임금총액,원,12920.0
2008,00,전체근로자,시간당정액급여,원,10996.0
2008,00,전체근로자,월임금총액,천원,2279.0
2008,00,전체근로자,월급여액,천원,1945.0
2008,00,전체근로자,정액급여,천원,1828.0
2008,00,전체근로자,초과급여,천원,117.0
2008,00,전체근로자,전년도 연간특별급여/12개월,천원,335.0
2008,00,전체근로자,전년도 연간특별급여,천원,4017.0
2009,00,전체근로자,총근로일수,일,22.5
2009,00,전체근로자,총근로시간,시간,189.0
2009,00,전체근로자,소정실근로시간,시간,178.7
2009,00,전체근로자,초과근로시간,시간,10.3
2009,00,전체근로자,휴일근로시간,시간,
2009,00,전체근로자,시간당임금총액,원,12382.0
2009,00,전체근로자,시간당정액급여,원,10591.0
2009,00,전체근로자,월임금총액,천원,2277.0
2009,00,전체근로자,월급여액,천원,1960.0
2009,00,전체근로자,정액급여,천원,1849.0
2009,00,전체근로자,초과급여,천원,111.0
2009,00,전체근로자,전년도 연간특별급여/12개월,천원,317.0
2009,00,전체근로자,전년도 연간특별급여,천원,3801.0
2010,00,전체근로자,총근로일수,일,22.2
2010,00,전체근로자,총근로시간,시간,187.0
2010,00,전체근로자,소정실근로시간,시간,176.2
2010,00,전체근로자,초과근로시간,시간,10.8
2010,00,전체근로자,휴일근로시간,시간,
2010,00,전체근로자,시간당임금총액,원,12878.0
2010,00,전체근로자,시간당정액급여,원,11155.0
2010,00,전체근로자,월임금총액,천원,2326.0
2010,00,전체근로자,월급여액,천원,2023.0
2010,00,전체근로자,정액급여,천원,1904.0
2010,00,전체근로자,초과급여,천원,119.0
2010,00,전체근로자,전년도 연간특별급여/12개월,천원,303.0
2010,00,전체근로자,전년도 연간특별급여,천원,3630.0
2011,00,전체근로자,총근로일수,일,21.6
2011,00,전체근로자,총근로시간,시간,180.8
2011,00,전체근로자,소정실근로시간,시간,169.5
2011,00,전체근로자,초과근로시간,시간,11.3
2011,00,전체근로자,휴일근로시간,시간,
2011,00,전체근로자,시간당임금총액,원,13769.0
2011,00,전체근로자,시간당정액급여,원,11916.0
2011,00,전체근로자,월임금총액,천원,2428.0
2011,00,전체근로자,월급여액,천원,2102.0
2011,00,전체근로자,정액급여,천원,1970.0
2011,00,전체근로자,초과급여,천원,131.0
2011,00,전체근로자,전년도 연간특별급여/12개월,천원,326.0
2011,00,전체근로자,전년도 연간특별급여,천원,3913.0
2012,00,전체근로자,총근로일수,일,20.9
2012,00,전체근로자,총근로시간,시간,173.7
2012,00,전체근로자,소정실근로시간,시간,162.1
2012,00,전체근로자,초과근로시간,시간,11.6
2012,00,전체근로자,휴일근로시간,시간,
2012,00,전체근로자,시간당임금총액,원,14967.0
2012,00,전체근로자,시간당정액급여,원,13145.0
2012,00,전체근로자,월임금총액,천원,2527.0
2012,00,전체근로자,월급여액,천원,2216.0
2012,00,전체근로자,정액급여,천원,2075.0
2012,00,전체근로자,초과급여,천원,141.0
2012,00,전체근로자,전년도 연간특별급여/12개월,천원,311.0
2012,00,전체근로자,전년도 연간특별급여,천원,3729.0
2013,00,전체근로자,총근로일수,일,20.3
2013,00,전체근로자,총근로시간,시간,167.9
2013,00,전체근로자,소정실근로시간,시간,156.2
2013,00,전체근로자,초과근로시간,시간,11.6
2013,00,전체근로자,휴일근로시간,시간,
2013,00,전체근로자,시간당임금총액,원,16067.0
2013,00,전체근로자,시간당정액급여,원,14075.0
2013,00,전체근로자,월임금총액,천원,2617.0
2013,00,전체근로자,월급여액,천원,2288.0
2013,00,전체근로자,정액급여,천원,2140.0
2013,00,전체근로자,초과급여,천원,149.0
2013,00,전체근로자,전년도 연간특별급여/12개월,천원,329.0
2013,00,전체근로자,전년도 연간특별급여,천원,3942.0
2014,00,전체근로자,총근로일수,일,20.1
2014,00,전체근로자,총근로시간,시간,165.5
2014,00,전체근로자,소정실근로시간,시간,154.6
2014,00,전체근로자,초과근로시간,시간,10.8
2014,00,전체근로자,휴일근로시간,시간,
2014,00,전체근로자,시간당임금총액,원,16701.0
2014,00,전체근로자,시간당정액급여,원,14587.0
2014,00,전체근로자,월임금총액,천원,2700.0
2014,00,전체근로자,월급여액,천원,2353.0
2014,00,전체근로자,정액급여,천원,2200.0
2014,00,전체근로자,초과급여,천원,153.0
2014,00,전체근로자,전년도 연간특별급여/12개월,천원,347.0
2014,00,전체근로자,전년도 연간특별급여,천원,4167.0
2015,00,전체근로자,총근로일수,일,21.6
2015,00,전체근로자,총근로시간,시간,173.5
2015,00,전체근로자,소정실근로시간,시간,167.0
2015,00,전체근로자,초과근로시간,시간,6.5
2015,00,전체근로자,휴일근로시간,시간,3.1
2015,00,전체근로자,시간당임금총액,원,15978.0
2015,00,전체근로자,시간당정액급여,원,13753.0
2015,00,전체근로자,월임금총액,천원,2740.0
2015,00,전체근로자,월급여액,천원,2415.0
2015,00,전체근로자,정액급여,천원,2262.0
2015,00,전체근로자,초과급여,천원,153.0
2015,00,전체근로자,전년도 연간특별급여/12개월,천원,325.0
2015,00,전체근로자,전년도 연간특별급여,천원,3895.0
2016,00,전체근로자,총근로일수,일,21.0
2016,00,전체근로자,총근로시간,시간,171.1
2016,00,전체근로자,소정실근로시간,시간,161.6
2016,00,전체근로자,초과근로시간,시간,9.5
2016,00,전체근로자,휴일근로시간,시간,3.1
2016,00,전체근로자,시간당임금총액,원,16709.0
2016,00,전체근로자,시간당정액급여,원,14690.0
2016,00,전체근로자,월임금총액,천원,2833.0
2016,00,전체근로자,월급여액,천원,2498.0
2016,00,전체근로자,정액급여,천원,2347.0
2016,00,전체근로자,초과급여,천원,151.0
2016,00,전체근로자,전년도 연간특별급여/12개월,천원,336.0
2016,00,전체근로자,전년도 연간특별급여,천원,4027.0
2017,00,전체근로자,총근로일수,일,20.8
2017,00,전체근로자,총근로시간,시간,168.5
2017,00,전체근로자,소정실근로시간,시간,159.4
2017,00,전체근로자,초과근로시간,시간,9.2
2017,00,전체근로자,휴일근로시간,시간,2.9
2017,00,전체근로자,시간당임금총액,원,17381.0
2017,00,전체근로자,시간당정액급여,원,15391.0
2017,00,전체근로자,월임금총액,천원,2896.0
2017,00,전체근로자,월급여액,천원,2578.0
2017,00,전체근로자,정액급여,천원,2419.0
2017,00,전체근로자,초과급여,천원,158.0
2017,00,전체근로자,전년도 연간특별급여/12개월,천원,318.0
2017,00,전체근로자,전년도 연간특별급여,천원,3819.0
2018,00,전체근로자,총근로일수,일,19.5
2018,00,전체근로자,총근로시간,시간,156.4
2018,00,전체근로자,소정실근로시간,시간,147.9
2018,00,전체근로자,초과근로시간,시간,8.5
2018,00,전체근로자,휴일근로시간,시간,3.0
2018,00,전체근로자,시간당임금총액,원,19522.0
2018,00,전체근로자,시간당정액급여,원,17368.0
2018,00,전체근로자,월임금총액,천원,3028.0
2018,00,전체근로자,월급여액,천원,2702.0
2018,00,전체근로자,정액급여,천원,2542.0
2018,00,전체근로자,초과급여,천원,160.0
2018,00,전체근로자,전년도 연간특별급여/12개월,천원,326.0
2018,00,전체근로자,전년도 연간특별급여,천원,3916.0
2019,00,전체근로자,총근로일수,일,19.2
2019,00,전체근로자,총근로시간,시간,152.4
2019,00,전체근로자,소정실근로시간,시간,144.9
2019,00,전체근로자,초과근로시간,시간,7.5
2019,00,전체근로자,휴일근로시간,시간,2.4
2019,00,전체근로자,시간당임금총액,원,20573.0
2019,00,전체근로자,시간당정액급여,원,18410.0
2019,00,전체근로자,월임금총액,천원,3138.0
2019,00,전체근로자,월급여액,천원,2808.0
2019,00,전체근로자,정액급여,천원,2654.0
2019,00,전체근로자,초과급여,천원,154.0
2019,00,전체근로자,전년도 연간특별급여/12개월,천원,330.0
2019,00,전체근로자,전년도 연간특별급여,천원,3961.0
2020,00,전체근로자,총근로일수,일,20.7
2020,00,전체근로자,총근로시간,시간,163.6
2020,00,전체근로자,소정실근로시간,시간,157.1
2020,00,전체근로자,초과근로시간,시간,6.5
2020,00,전체근로자,휴일근로시간,시간,1.6
2020,00,전체근로자,시간당임금총액,원,19316.0
2020,00,전체근로자,시간당정액급여,원,17349.0
2020,00,전체근로자,월임금총액,천원,3180.0
2020,00,전체근로자,월급여액,천원,2866.0
2020,00,전체근로자,정액급여,천원,2723.0
2020,00,전체근로자,초과급여,천원,143.0
2020,00,전체근로자,전년도 연간특별급여/12개월,천원,314.0
2020,00,전체근로자,전년도 연간특별급여,천원,3770.0
2021,00,전체근로자,총근로일수,일,20.8
2021,00,전체근로자,총근로시간,시간,164.2
2021,00,전체근로자,소정실근로시간,시간,157.2
2021,00,전체근로자,초과근로시간,시간,6.9
2021,00,전체근로자,휴일근로시간,시간,1.7
2021,00,전체근로자,시간당임금총액,원,19806.0
2021,00,전체근로자,시간당정액급여,원,17931.0
2021,00,전체근로자,월임금총액,천원,3271.0
2021,00,전체근로자,월급여액,천원,2974.0
2021,00,전체근로자,정액급여,천원,2816.0
2021,00,전체근로자,초과급여,천원,158.0
2021,00,전체근로자,전년도 연간특별급여/12개월,천원,298.0
2021,00,전체근로자,전년도 연간특별급여,천원,3572.0
2022,00,전체근로자,총근로일수,일,19.6
2022,00,전체근로자,총근로시간,시간,154.9
2022,00,전체근로자,소정실근로시간,시간,147.4
2022,00,전체근로자,초과근로시간,시간,7.5
2022,00,전체근로자,휴일근로시간,시간,2.2
2022,00,전체근로자,시간당임금총액,원,22651.0
2022,00,전체근로자,시간당정액급여,원,20308.0
2022,00,전체근로자,월임금총액,천원,3526.0
2022,00,전체근로자,월급여액,천원,3172.0
2022,00,전체근로자,정액급여,천원,2992.0
2022,00,전체근로자,초과급여,천원,180.0
2022,00,전체근로자,전년도 연간특별급여/12개월,천원,355.0
2022,00,전체근로자,전년도 연간특별급여,천원,4255.0
2023,00,전체근로자,총근로일수,일,20.0
2023,00,전체근로자,총근로시간,시간,157.6
2023,00,전체근로자,소정실근로시간,시간,150.3
2023,00,전체근로자,초과근로시간,시간,7.4
2023,00,전체근로자,휴일근로시간,시간,2.0
2023,00,전체근로자,시간당임금총액,원,22878.0
2023,00,전체근로자,시간당정액급여,원,20485.0
2023,00,전체근로자,월임금총액,천원,3640.0
2023,00,전체근로자,월급여액,천원,3267.0
2023,00,전체근로자,정액급여,천원,3085.0
2023,00,전체근로자,초과급여,천원,182.0
2023,00,전체근로자,전년도 연간특별급여/12개월,천원,373.0
2023,00,전체근로자,전년도 연간특별급여,천원,4480.0
2024,00,전체근로자,총근로일수,일,18.7
2024,00,전체근로자,총근로시간,시간,146.8
2024,00,전체근로자,소정실근로시간,시간,139.4
2024,00,전체근로자,초과근로시간,시간,7.4
2024,00,전체근로자,휴일근로시간,시간,2.2
2024,00,전체근로자,시간당임금총액,원,25156.0
2024,00,전체근로자,시간당정액급여,원,22728.0
2024,00,전체근로자,월임금총액,천원,3737.0
2024,00,전체근로자,월급여액,천원,3374.0
2024,00,전체근로자,정액급여,천원,3186.0
2024,00,전체근로자,초과급여,천원,188.0
2024,00,전체근로자,전년도 연간특별급여/12개월,천원,363.0
2024,00,전체근로자,전년도 연간특별급여,천원,4357.0
2025,00,전체근로자,총근로일수,일,18.7
2025,00,전체근로자,총근로시간,시간,146.3
2025,00,전체근로자,소정실근로시간,시간,138.4
2025,00,전체근로자,초과근로시간,시간,7.9
2025,00,전체근로자,휴일근로시간,시간,2.4
2025,00,전체근로자,시간당임금총액,원,25839.0
2025,00,전체근로자,시간당정액급여,원,23355.0
2025,00,전체근로자,월임금총액,천원,3834.0
2025,00,전체근로자,월급여액,천원,3469.0
2025,00,전체근로자,정액급여,천원,3261.0
2025,00,전체근로자,초과급여,천원,208.0
2025,00,전체근로자,전년도 연간특별급여/12개월,천원,365.0
2025,00,전체근로자,전년도 연간특별급여,천원,4379.0
2007,01,전체근로자(특수형태포함),총근로일수,일,
2007,01,전체근로자(특수형태포함),총근로시간,시간,
2007,01,전체근로자(특수형태포함),소정실근로시간,시간,
2007,01,전체근로자(특수형태포함),초과근로시간,시간,
2007,01,전체근로자(특수형태포함),휴일근로시간,시간,
2007,01,전체근로자(특수형태포함),시간당임금총액,원,
2007,01,전체근로자(특수형태포함),시간당정액급여,원,
2007,01,전체근로자(특수형태포함),월임금총액,천원,2178.0
2007,01,전체근로자(특수형태포함),월급여액,천원,1858.0
2007,01,전체근로자(특수형태포함),정액급여,천원,1748.0
2007,01,전체근로자(특수형태포함),초과급여,천원,110.0
2007,01,전체근로자(특수형태포함),전년도 연간특별급여/12개월,천원,320.0
2007,01,전체근로자(특수형태포함),전년도 연간특별급여,천원,3839.0
2008,01,전체근로자(특수형태포함),총근로일수,일,
2008,01,전체근로자(특수형태포함),총근로시간,시간,
2008,01,전체근로자(특수형태포함),소정실근로시간,시간,
2008,01,전체근로자(특수형태포함),초과근로시간,시간,
2008,01,전체근로자(특수형태포함),휴일근로시간,시간,
2008,01,전체근로자(특수형태포함),시간당임금총액,원,
2008,01,전체근로자(특수형태포함),시간당정액급여,원,
2008,01,전체근로자(특수형태포함),월임금총액,천원,2275.0
2008,01,전체근로자(특수형태포함),월급여액,천원,1952.0
2008,01,전체근로자(특수형태포함),정액급여,천원,1840.0
2008,01,전체근로자(특수형태포함),초과급여,천원,112.0
2008,01,전체근로자(특수형태포함),전년도 연간특별급여/12개월,천원,323.0
2008,01,전체근로자(특수형태포함),전년도 연간특별급여,천원,3875.0
2009,01,전체근로자(특수형태포함),총근로일수,일,
2009,01,전체근로자(특수형태포함),총근로시간,시간,
2009,01,전체근로자(특수형태포함),소정실근로시간,시간,
2009,01,전체근로자(특수형태포함),초과근로시간,시간,
2009,01,전체근로자(특수형태포함),휴일근로시간,시간,
2009,01,전체근로자(특수형태포함),시간당임금총액,원,
2009,01,전체근로자(특수형태포함),시간당정액급여,원,
2009,01,전체근로자(특수형태포함),월임금총액,천원,2269.0
2009,01,전체근로자(특수형태포함),월급여액,천원,1964.0
2009,01,전체근로자(특수형태포함),정액급여,천원,1858.0
2009,01,전체근로자(특수형태포함),초과급여,천원,106.0
2009,01,전체근로자(특수형태포함),전년도 연간특별급여/12개월,천원,304.0
2009,01,전체근로자(특수형태포함),전년도 연간특별급여,천원,3653.0
2010,01,전체근로자(특수형태포함),총근로일수,일,
2010,01,전체근로자(특수형태포함),총근로시간,시간,
2010,01,전체근로자(특수형태포함),소정실근로시간,시간,
2010,01,전체근로자(특수형태포함),초과근로시간,시간,
2010,01,전체근로자(특수형태포함),휴일근로시간,시간,
2010,01,전체근로자(특수형태포함),시간당임금총액,원,
2010,01,전체근로자(특수형태포함),시간당정액급여,원,
2010,01,전체근로자(특수형태포함),월임금총액,천원,2316.0
2010,01,전체근로자(특수형태포함),월급여액,천원,2025.0
2010,01,전체근로자(특수형태포함),정액급여,천원,1912.0
2010,01,전체근로자(특수형태포함),초과급여,천원,114.0
2010,01,전체근로자(특수형태포함),전년도 연간특별급여/12개월,천원,290.0
2010,01,전체근로자(특수형태포함),전년도 연간특별급여,천원,3484.0
2011,01,전체근로자(특수형태포함),총근로일수,일,
2011,01,전체근로자(특수형태포함),총근로시간,시간,
2011,01,전체근로자(특수형태포함),소정실근로시간,시간,
2011,01,전체근로자(특수형태포함),초과근로시간,시간,
2011,01,전체근로자(특수형태포함),휴일근로시간,시간,
2011,01,전체근로자(특수형태포함),시간당임금총액,원,
2011,01,전체근로자(특수형태포함),시간당정액급여,원,
2011,01,전체근로자(특수형태포함),월임금총액,천원,2413.0
2011,01,전체근로자(특수형태포함),월급여액,천원,2103.0
2011,01,전체근로자(특수형태포함),정액급여,천원,1979.0
2011,01,전체근로자(특수형태포함),초과급여,천원,124.0
2011,01,전체근로자(특수형태포함),전년도 연간특별급여/12개월,천원,310.0
2011,01,전체근로자(특수형태포함),전년도 연간특별급여,천원,3719.0
2012,01,전체근로자(특수형태포함),총근로일수,일,
2012,01,전체근로자(특수형태포함),총근로시간,시간,
2012,01,전체근로자(특수형태포함),소정실근로시간,시간,
2012,01,전체근로자(특수형태포함),초과근로시간,시간,
2012,01,전체근로자(특수형태포함),휴일근로시간,시간,
2012,01,전체근로자(특수형태포함),시간당임금총액,원,
2012,01,전체근로자(특수형태포함),시간당정액급여,원,
2012,01,전체근로자(특수형태포함),월임금총액,천원,2511.0
2012,01,전체근로자(특수형태포함),월급여액,천원,2215.0
2012,01,전체근로자(특수형태포함),정액급여,천원,2081.0
2012,01,전체근로자(특수형태포함),초과급여,천원,134.0
2012,01,전체근로자(특수형태포함),전년도 연간특별급여/12개월,천원,296.0
2012,01,전체근로자(특수형태포함),전년도 연간특별급여,천원,3553.0
2013,01,전체근로자(특수형태포함),총근로일수,일,
2013,01,전체근로자(특수형태포함),총근로시간,시간,
2013,01,전체근로자(특수형태포함),소정실근로시간,시간,
2013,01,전체근로자(특수형태포함),초과근로시간,시간,
2013,01,전체근로자(특수형태포함),휴일근로시간,시간,
2013,01,전체근로자(특수형태포함),시간당임금총액,원,
2013,01,전체근로자(특수형태포함),시간당정액급여,원,
2013,01,전체근로자(특수형태포함),월임금총액,천원,2621.0
2013,01,전체근로자(특수형태포함),월급여액,천원,2310.0
2013,01,전체근로자(특수형태포함),정액급여,천원,2169.0
2013,01,전체근로자(특수형태포함),초과급여,천원,141.0
2013,01,전체근로자(특수형태포함),전년도 연간특별급여/12개월,천원,312.0
2013,01,전체근로자(특수형태포함),전년도 연간특별급여,천원,3741.0
2014,01,전체근로자(특수형태포함),총근로일수,일,
2014,01,전체근로자(특수형태포함),총근로시간,시간,
2014,01,전체근로자(특수형태포함),소정실근로시간,시간,
2014,01,전체근로자(특수형태포함),초과근로시간,시간,
2014,01,전체근로자(특수형태포함),휴일근로시간,시간,
2014,01,전체근로자(특수형태포함),시간당임금총액,원,
2014,01,전체근로자(특수형태포함),시간당정액급여,원,
2014,01,전체근로자(특수형태포함),월임금총액,천원,2695.0
2014,01,전체근로자(특수형태포함),월급여액,천원,2363.0
2014,01,전체근로자(특수형태포함),정액급여,천원,2217.0
2014,01,전체근로자(특수형태포함),초과급여,천원,146.0
2014,01,전체근로자(특수형태포함),전년도 연간특별급여/12개월,천원,332.0
2014,01,전체근로자(특수형태포함),전년도 연간특별급여,천원,3981.0
2015,01,전체근로자(특수형태포함),총근로일수,일,
2015,01,전체근로자(특수형태포함),총근로시간,시간,
2015,01,전체근로자(특수형태포함),소정실근로시간,시간,
2015,01,전체근로자(특수형태포함),초과근로시간,시간,
2015,01,전체근로자(특수형태포함),휴일근로시간,시간,
2015,01,전체근로자(특수형태포함),시간당임금총액,원,
2015,01,전체근로자(특수형태포함),시간당정액급여,원,
2015,01,전체근로자(특수형태포함),월임금총액,천원,2734.0
2015,01,전체근로자(특수형태포함),월급여액,천원,2424.0
2015,01,전체근로자(특수형태포함),정액급여,천원,2278.0
2015,01,전체근로자(특수형태포함),초과급여,천원,146.0
2015,01,전체근로자(특수형태포함),전년도 연간특별급여/12개월,천원,310.0
2015,01,전체근로자(특수형태포함),전년도 연간특별급여,천원,3721.0
2016,01,전체근로자(특수형태포함),총근로일수,일,
2016,01,전체근로자(특수형태포함),총근로시간,시간,
2016,01,전체근로자(특수형태포함),소정실근로시간,시간,
2016,01,전체근로자(특수형태포함),초과근로시간,시간,
2016,01,전체근로자(특수형태포함),휴일근로시간,시간,
2016,01,전체근로자(특수형태포함),시간당임금총액,원,
2016,01,전체근로자(특수형태포함),시간당정액급여,원,
2016,01,전체근로자(특수형태포함),월임금총액,천원,2823.0
2016,01,전체근로자(특수형태포함),월급여액,천원,2503.0
2016,01,전체근로자(특수형태포함),정액급여,천원,2359.0
2016,01,전체근로자(특수형태포함),초과급여,천원,144.0
2016,01,전체근로자(특수형태포함),전년도 연간특별급여/12개월,천원,320.0
2016,01,전체근로자(특수형태포함),전년도 연간특별급여,천원,3838.0
2017,01,전체근로자(특수형태포함),총근로일수,일,
2017,01,전체근로자(특수형태포함),총근로시간,시간,
2017,01,전체근로자(특수형태포함),소정실근로시간,시간,
2017,01,전체근로자(특수형태포함),초과근로시간,시간,
2017,01,전체근로자(특수형태포함),휴일근로시간,시간,
2017,01,전체근로자(특수형태포함),시간당임금총액,원,
2017,01,전체근로자(특수형태포함),시간당정액급여,원,
2017,01,전체근로자(특수형태포함),월임금총액,천원,2882.0
2017,01,전체근로자(특수형태포함),월급여액,천원,2578.0
2017,01,전체근로자(특수형태포함),정액급여,천원,2427.0
2017,01,전체근로자(특수형태포함),초과급여,천원,151.0
2017,01,전체근로자(특수형태포함),전년도 연간특별급여/12개월,천원,304.0
2017,01,전체근로자(특수형태포함),전년도 연간특별급여,천원,3646.0
2018,01,전체근로자(특수형태포함),총근로일수,일,
2018,01,전체근로자(특수형태포함),총근로시간,시간,
2018,01,전체근로자(특수형태포함),소정실근로시간,시간,
2018,01,전체근로자(특수형태포함),초과근로시간,시간,
2018,01,전체근로자(특수형태포함),휴일근로시간,시간,
2018,01,전체근로자(특수형태포함),시간당임금총액,원,
2018,01,전체근로자(특수형태포함),시간당정액급여,원,
2018,01,전체근로자(특수형태포함),월임금총액,천원,3008.0
2018,01,전체근로자(특수형태포함),월급여액,천원,2697.0
2018,01,전체근로자(특수형태포함),정액급여,천원,2544.0
2018,01,전체근로자(특수형태포함),초과급여,천원,153.0
2018,01,전체근로자(특수형태포함),전년도 연간특별급여/12개월,천원,311.0
2018,01,전체근로자(특수형태포함),전년도 연간특별급여,천원,3733.0
2019,01,전체근로자(특수형태포함),총근로일수,일,
2019,01,전체근로자(특수형태포함),총근로시간,시간,
2019,01,전체근로자(특수형태포함),소정실근로시간,시간,
2019,01,전체근로자(특수형태포함),초과근로시간,시간,
2019,01,전체근로자(특수형태포함),휴일근로시간,시간,
2019,01,전체근로자(특수형태포함),시간당임금총액,원,
2019,01,전체근로자(특수형태포함),시간당정액급여,원,
2019,01,전체근로자(특수형태포함),월임금총액,천원,3115.0
2019,01,전체근로자(특수형태포함),월급여액,천원,2800.0
2019,01,전체근로자(특수형태포함),정액급여,천원,2654.0
2019,01,전체근로자(특수형태포함),초과급여,천원,147.0
2019,01,전체근로자(특수형태포함),전년도 연간특별급여/12개월,천원,315.0
2019,01,전체근로자(특수형태포함),전년도 연간특별급여,천원,3781.0
2020,01,전체근로자(특수형태포함),총근로일수,일,
2020,01,전체근로자(특수형태포함),총근로시간,시간,
2020,01,전체근로자(특수형태포함),소정실근로시간,시간,
2020,01,전체근로자(특수형태포함),초과근로시간,시간,
2020,01,전체근로자(특수형태포함),휴일근로시간,시간,
2020,01,전체근로자(특수형태포함),시간당임금총액,원,
2020,01,전체근로자(특수형태포함),시간당정액급여,원,
2020,01,전체근로자(특수형태포함),월임금총액,천원,3161.0
2020,01,전체근로자(특수형태포함),월급여액,천원,2862.0
2020,01,전체근로자(특수형태포함),정액급여,천원,2727.0
2020,01,전체근로자(특수형태포함),초과급여,천원,136.0
2020,01,전체근로자(특수형태포함),전년도 연간특별급여/12개월,천원,298.0
2020,01,전체근로자(특수형태포함),전년도 연간특별급여,천원,3582.0
2021,01,전체근로자(특수형태포함),총근로일수,일,
2021,01,전체근로자(특수형태포함),총근로시간,시간,
2021,01,전체근로자(특수형태포함),소정실근로시간,시간,
2021,01,전체근로자(특수형태포함),초과근로시간,시간,
2021,01,전체근로자(특수형태포함),휴일근로시간,시간,
2021,01,전체근로자(특수형태포함),시간당임금총액,원,
2021,01,전체근로자(특수형태포함),시간당정액급여,원,
2021,01,전체근로자(특수형태포함),월임금총액,천원,3250.0
2021,01,전체근로자(특수형태포함),월급여액,천원,2967.0
2021,01,전체근로자(특수형태포함),정액급여,천원,2817.0
2021,01,전체근로자(특수형태포함),초과급여,천원,150.0
2021,01,전체근로자(특수형태포함),전년도 연간특별급여/12개월,천원,283.0
2021,01,전체근로자(특수형태포함),전년도 연간특별급여,천원,3399.0
2022,01,전체근로자(특수형태포함),총근로일수,일,
2022,01,전체근로자(특수형태포함),총근로시간,시간,
2022,01,전체근로자(특수형태포함),소정실근로시간,시간,
2022,01,전체근로자(특수형태포함),초과근로시간,시간,
2022,01,전체근로자(특수형태포함),휴일근로시간,시간,
2022,01,전체근로자(특수형태포함),시간당임금총액,원,
2022,01,전체근로자(특수형태포함),시간당정액급여,원,
2022,01,전체근로자(특수형태포함),월임금총액,천원,3506.0
2022,01,전체근로자(특수형태포함),월급여액,천원,3166.0
2022,01,전체근로자(특수형태포함),정액급여,천원,2994.0
2022,01,전체근로자(특수형태포함),초과급여,천원,172.0
2022,01,전체근로자(특수형태포함),전년도 연간특별급여/12개월,천원,341.0
2022,01,전체근로자(특수형태포함),전년도 연간특별급여,천원,4086.0
2023,01,전체근로자(특수형태포함),총근로일수,일,
2023,01,전체근로자(특수형태포함),총근로시간,시간,
2023,01,전체근로자(특수형태포함),소정실근로시간,시간,
2023,01,전체근로자(특수형태포함),초과근로시간,시간,
2023,01,전체근로자(특수형태포함),휴일근로시간,시간,
2023,01,전체근로자(특수형태포함),시간당임금총액,원,
2023,01,전체근로자(특수형태포함),시간당정액급여,원,
2023,01,전체근로자(특수형태포함),월임금총액,천원,3624.0
2023,01,전체근로자(특수형태포함),월급여액,천원,3266.0
2023,01,전체근로자(특수형태포함),정액급여,천원,3091.0
2023,01,전체근로자(특수형태포함),초과급여,천원,175.0
2023,01,전체근로자(특수형태포함),전년도 연간특별급여/12개월,천원,358.0
2023,01,전체근로자(특수형태포함),전년도 연간특별급여,천원,4300.0
2024,01,전체근로자(특수형태포함),총근로일수,일,
2024,01,전체근로자(특수형태포함),총근로시간,시간,
2024,01,전체근로자(특수형태포함),소정실근로시간,시간,
2024,01,전체근로자(특수형태포함),초과근로시간,시간,
2024,01,전체근로자(특수형태포함),휴일근로시간,시간,
2024,01,전체근로자(특수형태포함),시간당임금총액,원,
2024,01,전체근로자(특수형태포함),시간당정액급여,원,
2024,01,전체근로자(특수형태포함),월임금총액,천원,3717.0
2024,01,전체근로자(특수형태포함),월급여액,천원,3369.0
2024,01,전체근로자(특수형태포함),정액급여,천원,3189.0
2024,01,전체근로자(특수형태포함),초과급여,천원,180.0
2024,01,전체근로자(특수형태포함),전년도 연간특별급여/12개월,천원,348.0
2024,01,전체근로자(특수형태포함),전년도 연간특별급여,천원,4180.0
2025,01,전체근로자(특수형태포함),총근로일수,일,
2025,01,전체근로자(특수형태포함),총근로시간,시간,
2025,01,전체근로자(특수형태포함),소정실근로시간,시간,
2025,01,전체근로자(특수형태포함),초과근로시간,시간,
2025,01,전체근로자(특수형태포함),휴일근로시간,시간,
2025,01,전체근로자(특수형태포함),시간당임금총액,원,
2025,01,전체근로자(특수형태포함),시간당정액급여,원,
2025,01,전체근로자(특수형태포함),월임금총액,천원,3814.0
2025,01,전체근로자(특수형태포함),월급여액,천원,3463.0
2025,01,전체근로자(특수형태포함),정액급여,천원,3263.0
2025,01,전체근로자(특수형태포함),초과급여,천원,200.0
2025,01,전체근로자(특수형태포함),전년도 연간특별급여/12개월,천원,351.0
2025,01,전체근로자(특수형태포함),전년도 연간특별급여,천원,4209.0
2007,02,정규근로자,총근로일수,일,22.7
2007,02,정규근로자,총근로시간,시간,193.2
2007,02,정규근로자,소정실근로시간,시간,179.3
2007,02,정규근로자,초과근로시간,시간,13.9
2007,02,정규근로자,휴일근로시간,시간,
2007,02,정규근로자,시간당임금총액,원,13336.0
2007,02,정규근로자,시간당정액급여,원,11026.0
2007,02,정규근로자,월임금총액,천원,2435.0
2007,02,정규근로자,월급여액,천원,2027.0
2007,02,정규근로자,정액급여,천원,1893.0
2007,02,정규근로자,초과급여,천원,134.0
2007,02,정규근로자,전년도 연간특별급여/12개월,천원,408.0
2007,02,정규근로자,전년도 연간특별급여,천원,4895.0
2008,02,정규근로자,총근로일수,일,22.2
2008,02,정규근로자,총근로시간,시간,189.6
2008,02,정규근로자,소정실근로시간,시간,176.2
2008,02,정규근로자,초과근로시간,시간,13.4
2008,02,정규근로자,휴일근로시간,시간,
2008,02,정규근로자,시간당임금총액,원,14283.0
2008,02,정규근로자,시간당정액급여,원,11883.0
2008,02,정규근로자,월임금총액,천원,2569.0
2008,02,정규근로자,월급여액,천원,2151.0
2008,02,정규근로자,정액급여,천원,2013.0
2008,02,정규근로자,초과급여,천원,138.0
2008,02,정규근로자,전년도 연간특별급여/12개월,천원,418.0
2008,02,정규근로자,전년도 연간특별급여,천원,5012.0
2009,02,정규근로자,총근로일수,일,23.1
2009,02,정규근로자,총근로시간,시간,195.7
2009,02,정규근로자,소정실근로시간,시간,183.5
2009,02,정규근로자,초과근로시간,시간,12.2
2009,02,정규근로자,휴일근로시간,시간,
2009,02,정규근로자,시간당임금총액,원,13828.0
2009,02,정규근로자,시간당정액급여,원,11537.0
2009,02,정규근로자,월임금총액,천원,2606.0
2009,02,정규근로자,월급여액,천원,2199.0
2009,02,정규근로자,정액급여,천원,2063.0
2009,02,정규근로자,초과급여,천원,135.0
2009,02,정규근로자,전년도 연간특별급여/12개월,천원,407.0
2009,02,정규근로자,전년도 연간특별급여,천원,4884.0
2010,02,정규근로자,총근로일수,일,22.9
2010,02,정규근로자,총근로시간,시간,194.4
2010,02,정규근로자,소정실근로시간,시간,181.6
2010,02,정규근로자,초과근로시간,시간,12.9
2010,02,정규근로자,휴일근로시간,시간,
2010,02,정규근로자,시간당임금총액,원,14388.0
2010,02,정규근로자,시간당정액급여,원,12160.0
2010,02,정규근로자,월임금총액,천원,2677.0
2010,02,정규근로자,월급여액,천원,2285.0
2010,02,정규근로자,정액급여,천원,2139.0
2010,02,정규근로자,초과급여,천원,145.0
2010,02,정규근로자,전년도 연간특별급여/12개월,천원,393.0
2010,02,정규근로자,전년도 연간특별급여,천원,4712.0
2011,02,정규근로자,총근로일수,일,22.5
2011,02,정규근로자,총근로시간,시간,190.7
2011,02,정규근로자,소정실근로시간,시간,177.3
2011,02,정규근로자,초과근로시간,시간,13.4
2011,02,정규근로자,휴일근로시간,시간,
2011,02,정규근로자,시간당임금총액,원,15289.0
2011,02,정규근로자,시간당정액급여,원,12863.0
2011,02,정규근로자,월임금총액,천원,2814.0
2011,02,정규근로자,월급여액,천원,2385.0
2011,02,정규근로자,정액급여,천원,2225.0
2011,02,정규근로자,초과급여,천원,160.0
2011,02,정규근로자,전년도 연간특별급여/12개월,천원,429.0
2011,02,정규근로자,전년도 연간특별급여,천원,5152.0
2012,02,정규근로자,총근로일수,일,21.7
2012,02,정규근로자,총근로시간,시간,184.4
2012,02,정규근로자,소정실근로시간,시간,170.9
2012,02,정규근로자,초과근로시간,시간,13.5
2012,02,정규근로자,휴일근로시간,시간,
2012,02,정규근로자,시간당임금총액,원,16403.0
2012,02,정규근로자,시간당정액급여,원,14075.0
2012,02,정규근로자,월임금총액,천원,2903.0
2012,02,정규근로자,월급여액,천원,2502.0
2012,02,정규근로자,정액급여,천원,2334.0
2012,02,정규근로자,초과급여,천원,168.0
2012,02,정규근로자,전년도 연간특별급여/12개월,천원,400.0
2012,02,정규근로자,전년도 연간특별급여,천원,4803.0
2013,02,정규근로자,총근로일수,일,21.0
2013,02,정규근로자,총근로시간,시간,178.0
2013,02,정규근로자,소정실근로시간,시간,164.6
2013,02,정규근로자,초과근로시간,시간,13.4
2013,02,정규근로자,휴일근로시간,시간,
2013,02,정규근로자,시간당임금총액,원,17525.0
2013,02,정규근로자,시간당정액급여,원,15001.0
2013,02,정규근로자,월임금총액,천원,2985.0
2013,02,정규근로자,월급여액,천원,2566.0
2013,02,정규근로자,정액급여,천원,2390.0
2013,02,정규근로자,초과급여,천원,176.0
2013,02,정규근로자,전년도 연간특별급여/12개월,천원,419.0
2013,02,정규근로자,전년도 연간특별급여,천원,5022.0
2014,02,정규근로자,총근로일수,일,21.0
2014,02,정규근로자,총근로시간,시간,177.7
2014,02,정규근로자,소정실근로시간,시간,165.4
2014,02,정규근로자,초과근로시간,시간,12.3
2014,02,정규근로자,휴일근로시간,시간,
2014,02,정규근로자,시간당임금총액,원,18426.0
2014,02,정규근로자,시간당정액급여,원,15684.0
2014,02,정규근로자,월임금총액,천원,3151.0
2014,02,정규근로자,월급여액,천원,2698.0
2014,02,정규근로자,정액급여,천원,2518.0
2014,02,정규근로자,초과급여,천원,180.0
2014,02,정규근로자,전년도 연간특별급여/12개월,천원,452.0
2014,02,정규근로자,전년도 연간특별급여,천원,5429.0
2015,02,정규근로자,총근로일수,일,22.7
2015,02,정규근로자,총근로시간,시간,187.4
2015,02,정규근로자,소정실근로시간,시간,179.8
2015,02,정규근로자,초과근로시간,시간,7.6
2015,02,정규근로자,휴일근로시간,시간,3.6
2015,02,정규근로자,시간당임금총액,원,17480.0
2015,02,정규근로자,시간당정액급여,원,14644.0
2015,02,정규근로자,월임금총액,천원,3194.0
2015,02,정규근로자,월급여액,천원,2771.0
2015,02,정규근로자,정액급여,천원,2589.0
2015,02,정규근로자,초과급여,천원,182.0
2015,02,정규근로자,전년도 연간특별급여/12개월,천원,422.0
2015,02,정규근로자,전년도 연간특별급여,천원,5066.0
2016,02,정규근로자,총근로일수,일,22.1
2016,02,정규근로자,총근로시간,시간,184.7
2016,02,정규근로자,소정실근로시간,시간,173.9
2016,02,정규근로자,초과근로시간,시간,10.8
2016,02,정규근로자,휴일근로시간,시간,3.5
2016,02,정규근로자,시간당임금총액,원,18212.0
2016,02,정규근로자,시간당정액급여,원,15648.0
2016,02,정규근로자,월임금총액,천원,3283.0
2016,02,정규근로자,월급여액,천원,2850.0
2016,02,정규근로자,정액급여,천원,2674.0
2016,02,정규근로자,초과급여,천원,177.0
2016,02,정규근로자,전년도 연간특별급여/12개월,천원,433.0
2016,02,정규근로자,전년도 연간특별급여,천원,5197.0
2017,02,정규근로자,총근로일수,일,21.9
2017,02,정규근로자,총근로시간,시간,183.1
2017,02,정규근로자,소정실근로시간,시간,172.6
2017,02,정규근로자,초과근로시간,시간,10.6
2017,02,정규근로자,휴일근로시간,시간,3.4
2017,02,정규근로자,시간당임금총액,원,18835.0
2017,02,정규근로자,시간당정액급여,원,16275.0
2017,02,정규근로자,월임금총액,천원,3363.0
2017,02,정규근로자,월급여액,천원,2949.0
2017,02,정규근로자,정액급여,천원,2761.0
2017,02,정규근로자,초과급여,천원,188.0
2017,02,정규근로자,전년도 연간특별급여/12개월,천원,414.0
2017,02,정규근로자,전년도 연간특별급여,천원,4969.0
2018,02,정규근로자,총근로일수,일,20.5
2018,02,정규근로자,총근로시간,시간,169.7
2018,02,정규근로자,소정실근로시간,시간,159.9
2018,02,정규근로자,초과근로시간,시간,9.8
2018,02,정규근로자,휴일근로시간,시간,3.5
2018,02,정규근로자,시간당임금총액,원,21203.0
2018,02,정규근로자,시간당정액급여,원,18434.0
2018,02,정규근로자,월임금총액,천원,3510.0
2018,02,정규근로자,월급여액,천원,3086.0
2018,02,정규근로자,정액급여,천원,2894.0
2018,02,정규근로자,초과급여,천원,191.0
2018,02,정규근로자,전년도 연간특별급여/12개월,천원,424.0
2018,02,정규근로자,전년도 연간특별급여,천원,5091.0
2019,02,정규근로자,총근로일수,일,20.2
2019,02,정규근로자,총근로시간,시간,165.2
2019,02,정규근로자,소정실근로시간,시간,156.6
2019,02,정규근로자,초과근로시간,시간,8.6
2019,02,정규근로자,휴일근로시간,시간,2.7
2019,02,정규근로자,시간당임금총액,원,22193.0
2019,02,정규근로자,시간당정액급여,원,19433.0
2019,02,정규근로자,월임금총액,천원,3612.0
2019,02,정규근로자,월급여액,천원,3188.0
2019,02,정규근로자,정액급여,천원,3006.0
2019,02,정규근로자,초과급여,천원,182.0
2019,02,정규근로자,전년도 연간특별급여/12개월,천원,425.0
2019,02,정규근로자,전년도 연간특별급여,천원,5095.0
2020,02,정규근로자,총근로일수,일,22.0
2020,02,정규근로자,총근로시간,시간,179.8
2020,02,정규근로자,소정실근로시간,시간,172.3
2020,02,정규근로자,초과근로시간,시간,7.5
2020,02,정규근로자,휴일근로시간,시간,1.8
2020,02,정규근로자,시간당임금총액,원,20731.0
2020,02,정규근로자,시간당정액급여,원,18210.0
2020,02,정규근로자,월임금총액,천원,3693.0
2020,02,정규근로자,월급여액,천원,3286.0
2020,02,정규근로자,정액급여,천원,3116.0
2020,02,정규근로자,초과급여,천원,170.0
2020,02,정규근로자,전년도 연간특별급여/12개월,천원,407.0
2020,02,정규근로자,전년도 연간특별급여,천원,4884.0
2021,02,정규근로자,총근로일수,일,22.1
2021,02,정규근로자,총근로시간,시간,180.2
2021,02,정규근로자,소정실근로시간,시간,172.2
2021,02,정규근로자,초과근로시간,시간,8.0
2021,02,정규근로자,휴일근로시간,시간,2.0
2021,02,정규근로자,시간당임금총액,원,21230.0
2021,02,정규근로자,시간당정액급여,원,18835.0
2021,02,정규근로자,월임금총액,천원,3795.0
2021,02,정규근로자,월급여액,천원,3410.0
2021,02,정규근로자,정액급여,천원,3222.0
2021,02,정규근로자,초과급여,천원,188.0
2021,02,정규근로자,전년도 연간특별급여/12개월,천원,385.0
2021,02,정규근로자,전년도 연간특별급여,천원,4625.0
2022,02,정규근로자,총근로일수,일,20.6
2022,02,정규근로자,총근로시간,시간,169.0
2022,02,정규근로자,소정실근로시간,시간,160.4
2022,02,정규근로자,초과근로시간,시간,8.6
2022,02,정규근로자,휴일근로시간,시간,2.5
2022,02,정규근로자,시간당임금총액,원,24409.0
2022,02,정규근로자,시간당정액급여,원,21437.0
2022,02,정규근로자,월임금총액,천원,4078.0
2022,02,정규근로자,월급여액,천원,3623.0
2022,02,정규근로자,정액급여,천원,3412.0
2022,02,정규근로자,초과급여,천원,211.0
2022,02,정규근로자,전년도 연간특별급여/12개월,천원,455.0
2022,02,정규근로자,전년도 연간특별급여,천원,5464.0
2023,02,정규근로자,총근로일수,일,21.2
2023,02,정규근로자,총근로시간,시간,174.5
2023,02,정규근로자,소정실근로시간,시간,165.9
2023,02,정규근로자,초과근로시간,시간,8.6
2023,02,정규근로자,휴일근로시간,시간,2.3
2023,02,정규근로자,시간당임금총액,원,24799.0
2023,02,정규근로자,시간당정액급여,원,21676.0
2023,02,정규근로자,월임금총액,천원,4280.0
2023,02,정규근로자,월급여액,천원,3787.0
2023,02,정규근로자,정액급여,천원,3568.0
2023,02,정규근로자,초과급여,천원,220.0
2023,02,정규근로자,전년도 연간특별급여/12개월,천원,493.0
2023,02,정규근로자,전년도 연간특별급여,천원,5916.0
2024,02,정규근로자,총근로일수,일,19.7
2024,02,정규근로자,총근로시간,시간,162.2
2024,02,정규근로자,소정실근로시간,시간,153.5
2024,02,정규근로자,초과근로시간,시간,8.7
2024,02,정규근로자,휴일근로시간,시간,2.6
2024,02,정규근로자,시간당임금총액,원,27703.0
2024,02,정규근로자,시간당정액급여,원,24492.0
2024,02,정규근로자,월임금총액,천원,4427.0
2024,02,정규근로자,월급여액,천원,3942.0
2024,02,정규근로자,정액급여,천원,3714.0
2024,02,정규근로자,초과급여,천원,228.0
2024,02,정규근로자,전년도 연간특별급여/12개월,천원,485.0
2024,02,정규근로자,전년도 연간특별급여,천원,5820.0
2025,02,정규근로자,총근로일수,일,19.7
2025,02,정규근로자,총근로시간,시간,162.1
2025,02,정규근로자,소정실근로시간,시간,152.9
2025,02,정규근로자,초과근로시간,시간,9.3
2025,02,정규근로자,휴일근로시간,시간,2.8
2025,02,정규근로자,시간당임금총액,원,28599.0
2025,02,정규근로자,시간당정액급여,원,25312.0
2025,02,정규근로자,월임금총액,천원,4567.0
2025,02,정규근로자,월급여액,천원,4078.0
2025,02,정규근로자,정액급여,천원,3824.0
2025,02,정규근로자,초과급여,천원,255.0
2025,02,정규근로자,전년도 연간특별급여/12개월,천원,489.0
2025,02,정규근로자,전년도 연간특별급여,천원,5870.0
2007,03,비정규근로자,총근로일수,일,20.8
2007,03,비정규근로자,총근로시간,시간,171.4
2007,03,비정규근로자,소정실근로시간,시간,165.3
2007,03,비정규근로자,초과근로시간,시간,6.1
2007,03,비정규근로자,휴일근로시간,시간,
2007,03,비정규근로자,시간당임금총액,원,7537.0
2007,03,비정규근로자,시간당정액급여,원,7359.0
2007,03,비정규근로자,월임금총액,천원,1180.0
2007,03,비정규근로자,월급여액,천원,1145.0
2007,03,비정규근로자,정액급여,천원,1108.0
2007,03,비정규근로자,초과급여,천원,38.0
2007,03,비정규근로자,전년도 연간특별급여/12개월,천원,35.0
2007,03,비정규근로자,전년도 연간특별급여,천원,420.0
2008,03,비정규근로자,총근로일수,일,19.9
2008,03,비정규근로자,총근로시간,시간,165.7
2008,03,비정규근로자,소정실근로시간,시간,160.4
2008,03,비정규근로자,초과근로시간,시간,5.3
2008,03,비정규근로자,휴일근로시간,시간,
2008,03,비정규근로자,시간당임금총액,원,7932.0
2008,03,비정규근로자,시간당정액급여,원,7747.0
2008,03,비정규근로자,월임금총액,천원,1220.0
2008,03,비정규근로자,월급여액,천원,1189.0
2008,03,비정규근로자,정액급여,천원,1151.0
2008,03,비정규근로자,초과급여,천원,38.0
2008,03,비정규근로자,전년도 연간특별급여/12개월,천원,31.0
2008,03,비정규근로자,전년도 연간특별급여,천원,376.0
2009,03,비정규근로자,총근로일수,일,20.4
2009,03,비정규근로자,총근로시간,시간,167.4
2009,03,비정규근로자,소정실근로시간,시간,163.2
2009,03,비정규근로자,초과근로시간,시간,4.2
2009,03,비정규근로자,휴일근로시간,시간,
2009,03,비정규근로자,시간당임금총액,원,7785.0
2009,03,비정규근로자,시간당정액급여,원,7586.0
2009,03,비정규근로자,월임금총액,천원,1232.0
2009,03,비정규근로자,월급여액,천원,1202.0
2009,03,비정규근로자,정액급여,천원,1167.0
2009,03,비정규근로자,초과급여,천원,35.0
2009,03,비정규근로자,전년도 연간특별급여/12개월,천원,30.0
2009,03,비정규근로자,전년도 연간특별급여,천원,358.0
2010,03,비정규근로자,총근로일수,일,20.0
2010,03,비정규근로자,총근로시간,시간,164.2
2010,03,비정규근로자,소정실근로시간,시간,159.8
2010,03,비정규근로자,초과근로시간,시간,4.4
2010,03,비정규근로자,휴일근로시간,시간,
2010,03,비정규근로자,시간당임금총액,원,8236.0
2010,03,비정규근로자,시간당정액급여,원,8067.0
2010,03,비정규근로자,월임금총액,천원,1244.0
2010,03,비정규근로자,월급여액,천원,1219.0
2010,03,비정규근로자,정액급여,천원,1181.0
2010,03,비정규근로자,초과급여,천원,38.0
2010,03,비정규근로자,전년도 연간특별급여/12개월,천원,25.0
2010,03,비정규근로자,전년도 연간특별급여,천원,306.0
2011,03,비정규근로자,총근로일수,일,19.1
2011,03,비정규근로자,총근로시간,시간,152.2
2011,03,비정규근로자,소정실근로시간,시간,147.0
2011,03,비정규근로자,초과근로시간,시간,5.2
2011,03,비정규근로자,휴일근로시간,시간,
2011,03,비정규근로자,시간당임금총액,원,9372.0
2011,03,비정규근로자,시간당정액급여,원,9177.0
2011,03,비정규근로자,월임금총액,천원,1309.0
2011,03,비정규근로자,월급여액,천원,1282.0
2011,03,비정규근로자,정액급여,천원,1233.0
2011,03,비정규근로자,초과급여,천원,49.0
2011,03,비정규근로자,전년도 연간특별급여/12개월,천원,27.0
2011,03,비정규근로자,전년도 연간특별급여,천원,328.0
2012,03,비정규근로자,총근로일수,일,18.4
2012,03,비정규근로자,총근로시간,시간,140.1
2012,03,비정규근로자,소정실근로시간,시간,134.6
2012,03,비정규근로자,초과근로시간,시간,5.5
2012,03,비정규근로자,휴일근로시간,시간,
2012,03,비정규근로자,시간당임금총액,원,10437.0
2012,03,비정규근로자,시간당정액급여,원,10212.0
2012,03,비정규근로자,월임금총액,천원,1342.0
2012,03,비정규근로자,월급여액,천원,1313.0
2012,03,비정규근로자,정액급여,천원,1260.0
2012,03,비정규근로자,초과급여,천원,53.0
2012,03,비정규근로자,전년도 연간특별급여/12개월,천원,28.0
2012,03,비정규근로자,전년도 연간특별급여,천원,341.0
2013,03,비정규근로자,총근로일수,일,17.9
2013,03,비정규근로자,총근로시간,시간,134.4
2013,03,비정규근로자,소정실근로시간,시간,128.6
2013,03,비정규근로자,초과근로시간,시간,5.8
2013,03,비정규근로자,휴일근로시간,시간,
2013,03,비정규근로자,시간당임금총액,원,11259.0
2013,03,비정규근로자,시간당정액급여,원,11019.0
2013,03,비정규근로자,월임금총액,천원,1404.0
2013,03,비정규근로자,월급여액,천원,1372.0
2013,03,비정규근로자,정액급여,천원,1312.0
2013,03,비정규근로자,초과급여,천원,60.0
2013,03,비정규근로자,전년도 연간특별급여/12개월,천원,32.0
2013,03,비정규근로자,전년도 연간특별급여,천원,380.0
2014,03,비정규근로자,총근로일수,일,17.3
2014,03,비정규근로자,총근로시간,시간,128.3
2014,03,비정규근로자,소정실근로시간,시간,122.0
2014,03,비정규근로자,초과근로시간,시간,6.3
2014,03,비정규근로자,휴일근로시간,시간,
2014,03,비정규근로자,시간당임금총액,원,11463.0
2014,03,비정규근로자,시간당정액급여,원,11253.0
2014,03,비정규근로자,월임금총액,천원,1333.0
2014,03,비정규근로자,월급여액,천원,1305.0
2014,03,비정규근로자,정액급여,천원,1234.0
2014,03,비정규근로자,초과급여,천원,71.0
2014,03,비정규근로자,전년도 연간특별급여/12개월,천원,28.0
2014,03,비정규근로자,전년도 연간특별급여,천원,333.0
2015,03,비정규근로자,총근로일수,일,18.1
2015,03,비정규근로자,총근로시간,시간,131.6
2015,03,비정규근로자,소정실근로시간,시간,128.3
2015,03,비정규근로자,초과근로시간,시간,3.4
2015,03,비정규근로자,휴일근로시간,시간,1.6
2015,03,비정규근로자,시간당임금총액,원,11452.0
2015,03,비정규근로자,시간당정액급여,원,11067.0
2015,03,비정규근로자,월임금총액,천원,1372.0
2015,03,비정규근로자,월급여액,천원,1342.0
2015,03,비정규근로자,정액급여,천원,1278.0
2015,03,비정규근로자,초과급여,천원,64.0
2015,03,비정규근로자,전년도 연간특별급여/12개월,천원,30.0
2015,03,비정규근로자,전년도 연간특별급여,천원,366.0
2016,03,비정규근로자,총근로일수,일,17.6
2016,03,비정규근로자,총근로시간,시간,129.3
2016,03,비정규근로자,소정실근로시간,시간,123.8
2016,03,비정규근로자,초과근로시간,시간,5.5
2016,03,비정규근로자,휴일근로시간,시간,1.7
2016,03,비정규근로자,시간당임금총액,원,12076.0
2016,03,비정규근로자,시간당정액급여,원,11739.0
2016,03,비정규근로자,월임금총액,천원,1445.0
2016,03,비정규근로자,월급여액,천원,1411.0
2016,03,비정규근로자,정액급여,천원,1338.0
2016,03,비정규근로자,초과급여,천원,73.0
2016,03,비정규근로자,전년도 연간특별급여/12개월,천원,35.0
2016,03,비정규근로자,전년도 연간특별급여,천원,418.0
2017,03,비정규근로자,총근로일수,일,17.4
2017,03,비정규근로자,총근로시간,시간,125.1
2017,03,비정규근로자,소정실근로시간,시간,120.0
2017,03,비정규근로자,초과근로시간,시간,5.1
2017,03,비정규근로자,휴일근로시간,시간,1.6
2017,03,비정규근로자,시간당임금총액,원,13053.0
2017,03,비정규근로자,시간당정액급여,원,12760.0
2017,03,비정규근로자,월임금총액,천원,1506.0
2017,03,비정규근로자,월급여액,천원,1473.0
2017,03,비정규근로자,정액급여,천원,1403.0
2017,03,비정규근로자,초과급여,천원,70.0
2017,03,비정규근로자,전년도 연간특별급여/12개월,천원,33.0
2017,03,비정규근로자,전년도 연간특별급여,천원,396.0
2018,03,비정규근로자,총근로일수,일,16.5
2018,03,비정규근로자,총근로시간,시간,116.3
2018,03,비정규근로자,소정실근로시간,시간,111.9
2018,03,비정규근로자,초과근로시간,시간,4.4
2018,03,비정규근로자,휴일근로시간,시간,1.6
2018,03,비정규근로자,시간당임금총액,원,14492.0
2018,03,비정규근로자,시간당정액급여,원,14181.0
2018,03,비정규근로자,월임금총액,천원,1588.0
2018,03,비정규근로자,월급여액,천원,1554.0
2018,03,비정규근로자,정액급여,천원,1487.0
2018,03,비정규근로자,초과급여,천원,67.0
2018,03,비정규근로자,전년도 연간특별급여/12개월,천원,33.0
2018,03,비정규근로자,전년도 연간특별급여,천원,402.0
2019,03,비정규근로자,총근로일수,일,16.0
2019,03,비정규근로자,총근로시간,시간,112.1
2019,03,비정규근로자,소정실근로시간,시간,108.0
2019,03,비정규근로자,초과근로시간,시간,4.0
2019,03,비정규근로자,휴일근로시간,시간,1.3
2019,03,비정규근로자,시간당임금총액,원,15472.0
2019,03,비정규근로자,시간당정액급여,원,15191.0
2019,03,비정규근로자,월임금총액,천원,1643.0
2019,03,비정규근로자,월급여액,천원,1611.0
2019,03,비정규근로자,정액급여,천원,1546.0
2019,03,비정규근로자,초과급여,천원,65.0
2019,03,비정규근로자,전년도 연간특별급여/12개월,천원,33.0
2019,03,비정규근로자,전년도 연간특별급여,천원,393.0
2020,03,비정규근로자,총근로일수,일,16.9
2020,03,비정규근로자,총근로시간,시간,114.0
2020,03,비정규근로자,소정실근로시간,시간,110.6
2020,03,비정규근로자,초과근로시간,시간,3.4
2020,03,비정규근로자,휴일근로시간,시간,0.9
2020,03,비정규근로자,시간당임금총액,원,15015.0
2020,03,비정규근로자,시간당정액급여,원,14734.0
2020,03,비정규근로자,월임금총액,천원,1620.0
2020,03,비정규근로자,월급여액,천원,1588.0
2020,03,비정규근로자,정액급여,천원,1529.0
2020,03,비정규근로자,초과급여,천원,59.0
2020,03,비정규근로자,전년도 연간특별급여/12개월,천원,32.0
2020,03,비정규근로자,전년도 연간특별급여,천원,384.0
2021,03,비정규근로자,총근로일수,일,16.9
2021,03,비정규근로자,총근로시간,시간,115.4
2021,03,비정규근로자,소정실근로시간,시간,111.7
2021,03,비정규근로자,초과근로시간,시간,3.7
2021,03,비정규근로자,휴일근로시간,시간,0.9
2021,03,비정규근로자,시간당임금총액,원,15482.0
2021,03,비정규근로자,시간당정액급여,원,15188.0
2021,03,비정규근로자,월임금총액,천원,1681.0
2021,03,비정규근로자,월급여액,천원,1649.0
2021,03,비정규근로자,정액급여,천원,1583.0
2021,03,비정규근로자,초과급여,천원,67.0
2021,03,비정규근로자,전년도 연간특별급여/12개월,천원,31.0
2021,03,비정규근로자,전년도 연간특별급여,천원,375.0
2022,03,비정규근로자,총근로일수,일,16.3
2022,03,비정규근로자,총근로시간,시간,111.7
2022,03,비정규근로자,소정실근로시간,시간,107.4
2022,03,비정규근로자,초과근로시간,시간,4.3
2022,03,비정규근로자,휴일근로시간,시간,1.3
2022,03,비정규근로자,시간당임금총액,원,17233.0
2022,03,비정규근로자,시간당정액급여,원,16826.0
2022,03,비정규근로자,월임금총액,천원,1826.0
2022,03,비정규근로자,월급여액,천원,1782.0
2022,03,비정규근로자,정액급여,천원,1699.0
2022,03,비정규근로자,초과급여,천원,83.0
2022,03,비정규근로자,전년도 연간특별급여/12개월,천원,44.0
2022,03,비정규근로자,전년도 연간특별급여,천원,531.0
2023,03,비정규근로자,총근로일수,일,16.7
2023,03,비정규근로자,총근로시간,시간,111.0
2023,03,비정규근로자,소정실근로시간,시간,107.2
2023,03,비정규근로자,초과근로시간,시간,3.8
2023,03,비정규근로자,휴일근로시간,시간,1.1
2023,03,비정규근로자,시간당임금총액,원,17586.0
2023,03,비정규근로자,시간당정액급여,원,17204.0
2023,03,비정규근로자,월임금총액,천원,1876.0
2023,03,비정규근로자,월급여액,천원,1832.0
2023,03,비정규근로자,정액급여,천원,1753.0
2023,03,비정규근로자,초과급여,천원,79.0
2023,03,비정규근로자,전년도 연간특별급여/12개월,천원,44.0
2023,03,비정규근로자,전년도 연간특별급여,천원,522.0
2024,03,비정규근로자,총근로일수,일,16.1
2024,03,비정규근로자,총근로시간,시간,105.8
2024,03,비정규근로자,소정실근로시간,시간,101.8
2024,03,비정규근로자,초과근로시간,시간,4.1
2024,03,비정규근로자,휴일근로시간,시간,1.2
2024,03,비정규근로자,시간당임금총액,원,18404.0
2024,03,비정규근로자,시간당정액급여,원,18054.0
2024,03,비정규근로자,월임금총액,천원,1909.0
2024,03,비정규근로자,월급여액,천원,1868.0
2024,03,비정규근로자,정액급여,천원,1787.0
2024,03,비정규근로자,초과급여,천원,82.0
2024,03,비정규근로자,전년도 연간특별급여/12개월,천원,40.0
2024,03,비정규근로자,전년도 연간특별급여,천원,482.0
2025,03,비정규근로자,총근로일수,일,16.2
2025,03,비정규근로자,총근로시간,시간,104.8
2025,03,비정규근로자,소정실근로시간,시간,100.6
2025,03,비정규근로자,초과근로시간,시간,4.2
2025,03,비정규근로자,휴일근로시간,시간,1.4
2025,03,비정규근로자,시간당임금총액,원,18635.0
2025,03,비정규근로자,시간당정액급여,원,18245.0
2025,03,비정규근로자,월임금총액,천원,1921.0
2025,03,비정규근로자,월급여액,천원,1880.0
2025,03,비정규근로자,정액급여,천원,1792.0
2025,03,비정규근로자,초과급여,천원,88.0
2025,03,비정규근로자,전년도 연간특별급여/12개월,천원,40.0
2025,03,비정규근로자,전년도 연간특별급여,천원,485.0
2007,04,비정규근로자(특수형태포함),총근로일수,일,
2007,04,비정규근로자(특수형태포함),총근로시간,시간,
2007,04,비정규근로자(특수형태포함),소정실근로시간,시간,
2007,04,비정규근로자(특수형태포함),초과근로시간,시간,
2007,04,비정규근로자(특수형태포함),휴일근로시간,시간,
2007,04,비정규근로자(특수형태포함),시간당임금총액,원,
2007,04,비정규근로자(특수형태포함),시간당정액급여,원,
2007,04,비정규근로자(특수형태포함),월임금총액,천원,1349.0
2007,04,비정규근로자(특수형태포함),월급여액,천원,1313.0
2007,04,비정규근로자(특수형태포함),정액급여,천원,1281.0
2007,04,비정규근로자(특수형태포함),초과급여,천원,31.0
2007,04,비정규근로자(특수형태포함),전년도 연간특별급여/12개월,천원,37.0
2007,04,비정규근로자(특수형태포함),전년도 연간특별급여,천원,443.0
2008,04,비정규근로자(특수형태포함),총근로일수,일,
2008,04,비정규근로자(특수형태포함),총근로시간,시간,
2008,04,비정규근로자(특수형태포함),소정실근로시간,시간,
2008,04,비정규근로자(특수형태포함),초과근로시간,시간,
2008,04,비정규근로자(특수형태포함),휴일근로시간,시간,
2008,04,비정규근로자(특수형태포함),시간당임금총액,원,
2008,04,비정규근로자(특수형태포함),시간당정액급여,원,
2008,04,비정규근로자(특수형태포함),월임금총액,천원,1379.0
2008,04,비정규근로자(특수형태포함),월급여액,천원,1345.0
2008,04,비정규근로자(특수형태포함),정액급여,천원,1314.0
2008,04,비정규근로자(특수형태포함),초과급여,천원,31.0
2008,04,비정규근로자(특수형태포함),전년도 연간특별급여/12개월,천원,34.0
2008,04,비정규근로자(특수형태포함),전년도 연간특별급여,천원,404.0
2009,04,비정규근로자(특수형태포함),총근로일수,일,
2009,04,비정규근로자(특수형태포함),총근로시간,시간,
2009,04,비정규근로자(특수형태포함),소정실근로시간,시간,
2009,04,비정규근로자(특수형태포함),초과근로시간,시간,
2009,04,비정규근로자(특수형태포함),휴일근로시간,시간,
2009,04,비정규근로자(특수형태포함),시간당임금총액,원,
2009,04,비정규근로자(특수형태포함),시간당정액급여,원,
2009,04,비정규근로자(특수형태포함),월임금총액,천원,1373.0
2009,04,비정규근로자(특수형태포함),월급여액,천원,1341.0
2009,04,비정규근로자(특수형태포함),정액급여,천원,1312.0
2009,04,비정규근로자(특수형태포함),초과급여,천원,29.0
2009,04,비정규근로자(특수형태포함),전년도 연간특별급여/12개월,천원,32.0
2009,04,비정규근로자(특수형태포함),전년도 연간특별급여,천원,383.0
2010,04,비정규근로자(특수형태포함),총근로일수,일,
2010,04,비정규근로자(특수형태포함),총근로시간,시간,
2010,04,비정규근로자(특수형태포함),소정실근로시간,시간,
2010,04,비정규근로자(특수형태포함),초과근로시간,시간,
2010,04,비정규근로자(특수형태포함),휴일근로시간,시간,
2010,04,비정규근로자(특수형태포함),시간당임금총액,원,
2010,04,비정규근로자(특수형태포함),시간당정액급여,원,
2010,04,비정규근로자(특수형태포함),월임금총액,천원,1387.0
2010,04,비정규근로자(특수형태포함),월급여액,천원,1360.0
2010,04,비정규근로자(특수형태포함),정액급여,천원,1328.0
2010,04,비정규근로자(특수형태포함),초과급여,천원,32.0
2010,04,비정규근로자(특수형태포함),전년도 연간특별급여/12개월,천원,28.0
2010,04,비정규근로자(특수형태포함),전년도 연간특별급여,천원,333.0
2011,04,비정규근로자(특수형태포함),총근로일수,일,
2011,04,비정규근로자(특수형태포함),총근로시간,시간,
2011,04,비정규근로자(특수형태포함),소정실근로시간,시간,
2011,04,비정규근로자(특수형태포함),초과근로시간,시간,
2011,04,비정규근로자(특수형태포함),휴일근로시간,시간,
2011,04,비정규근로자(특수형태포함),시간당임금총액,원,
2011,04,비정규근로자(특수형태포함),시간당정액급여,원,
2011,04,비정규근로자(특수형태포함),월임금총액,천원,1472.0
2011,04,비정규근로자(특수형태포함),월급여액,천원,1442.0
2011,04,비정규근로자(특수형태포함),정액급여,천원,1403.0
2011,04,비정규근로자(특수형태포함),초과급여,천원,40.0
2011,04,비정규근로자(특수형태포함),전년도 연간특별급여/12개월,천원,30.0
2011,04,비정규근로자(특수형태포함),전년도 연간특별급여,천원,356.0
2012,04,비정규근로자(특수형태포함),총근로일수,일,
2012,04,비정규근로자(특수형태포함),총근로시간,시간,
2012,04,비정규근로자(특수형태포함),소정실근로시간,시간,
2012,04,비정규근로자(특수형태포함),초과근로시간,시간,
2012,04,비정규근로자(특수형태포함),휴일근로시간,시간,
2012,04,비정규근로자(특수형태포함),시간당임금총액,원,
2012,04,비정규근로자(특수형태포함),시간당정액급여,원,
2012,04,비정규근로자(특수형태포함),월임금총액,천원,1499.0
2012,04,비정규근로자(특수형태포함),월급여액,천원,1472.0
2012,04,비정규근로자(특수형태포함),정액급여,천원,1428.0
2012,04,비정규근로자(특수형태포함),초과급여,천원,43.0
2012,04,비정규근로자(특수형태포함),전년도 연간특별급여/12개월,천원,27.0
2012,04,비정규근로자(특수형태포함),전년도 연간특별급여,천원,325.0
2013,04,비정규근로자(특수형태포함),총근로일수,일,
2013,04,비정규근로자(특수형태포함),총근로시간,시간,
2013,04,비정규근로자(특수형태포함),소정실근로시간,시간,
2013,04,비정규근로자(특수형태포함),초과근로시간,시간,
2013,04,비정규근로자(특수형태포함),휴일근로시간,시간,
2013,04,비정규근로자(특수형태포함),시간당임금총액,원,
2013,04,비정규근로자(특수형태포함),시간당정액급여,원,
2013,04,비정규근로자(특수형태포함),월임금총액,천원,1654.0
2013,04,비정규근로자(특수형태포함),월급여액,천원,1626.0
2013,04,비정규근로자(특수형태포함),정액급여,천원,1578.0
2013,04,비정규근로자(특수형태포함),초과급여,천원,48.0
2013,04,비정규근로자(특수형태포함),전년도 연간특별급여/12개월,천원,27.0
2013,04,비정규근로자(특수형태포함),전년도 연간특별급여,천원,329.0
2014,04,비정규근로자(특수형태포함),총근로일수,일,
2014,04,비정규근로자(특수형태포함),총근로시간,시간,
2014,04,비정규근로자(특수형태포함),소정실근로시간,시간,
2014,04,비정규근로자(특수형태포함),초과근로시간,시간,
2014,04,비정규근로자(특수형태포함),휴일근로시간,시간,
2014,04,비정규근로자(특수형태포함),시간당임금총액,원,
2014,04,비정규근로자(특수형태포함),시간당정액급여,원,
2014,04,비정규근로자(특수형태포함),월임금총액,천원,1531.0
2014,04,비정규근로자(특수형태포함),월급여액,천원,1507.0
2014,04,비정규근로자(특수형태포함),정액급여,천원,1447.0
2014,04,비정규근로자(특수형태포함),초과급여,천원,60.0
2014,04,비정규근로자(특수형태포함),전년도 연간특별급여/12개월,천원,24.0
2014,04,비정규근로자(특수형태포함),전년도 연간특별급여,천원,284.0
2015,04,비정규근로자(특수형태포함),총근로일수,일,
2015,04,비정규근로자(특수형태포함),총근로시간,시간,
2015,04,비정규근로자(특수형태포함),소정실근로시간,시간,
2015,04,비정규근로자(특수형태포함),초과근로시간,시간,
2015,04,비정규근로자(특수형태포함),휴일근로시간,시간,
2015,04,비정규근로자(특수형태포함),시간당임금총액,원,
2015,04,비정규근로자(특수형태포함),시간당정액급여,원,
2015,04,비정규근로자(특수형태포함),월임금총액,천원,1570.0
2015,04,비정규근로자(특수형태포함),월급여액,천원,1543.0
2015,04,비정규근로자(특수형태포함),정액급여,천원,1490.0
2015,04,비정규근로자(특수형태포함),초과급여,천원,54.0
2015,04,비정규근로자(특수형태포함),전년도 연간특별급여/12개월,천원,26.0
2015,04,비정규근로자(특수형태포함),전년도 연간특별급여,천원,318.0
2016,04,비정규근로자(특수형태포함),총근로일수,일,
2016,04,비정규근로자(특수형태포함),총근로시간,시간,
2016,04,비정규근로자(특수형태포함),소정실근로시간,시간,
2016,04,비정규근로자(특수형태포함),초과근로시간,시간,
2016,04,비정규근로자(특수형태포함),휴일근로시간,시간,
2016,04,비정규근로자(특수형태포함),시간당임금총액,원,
2016,04,비정규근로자(특수형태포함),시간당정액급여,원,
2016,04,비정규근로자(특수형태포함),월임금총액,천원,1643.0
2016,04,비정규근로자(특수형태포함),월급여액,천원,1613.0
2016,04,비정규근로자(특수형태포함),정액급여,천원,1553.0
2016,04,비정규근로자(특수형태포함),초과급여,천원,60.0
2016,04,비정규근로자(특수형태포함),전년도 연간특별급여/12개월,천원,30.0
2016,04,비정규근로자(특수형태포함),전년도 연간특별급여,천원,359.0
2017,04,비정규근로자(특수형태포함),총근로일수,일,
2017,04,비정규근로자(특수형태포함),총근로시간,시간,
2017,04,비정규근로자(특수형태포함),소정실근로시간,시간,
2017,04,비정규근로자(특수형태포함),초과근로시간,시간,
2017,04,비정규근로자(특수형태포함),휴일근로시간,시간,
2017,04,비정규근로자(특수형태포함),시간당임금총액,원,
2017,04,비정규근로자(특수형태포함),시간당정액급여,원,
2017,04,비정규근로자(특수형태포함),월임금총액,천원,1680.0
2017,04,비정규근로자(특수형태포함),월급여액,천원,1651.0
2017,04,비정규근로자(특수형태포함),정액급여,천원,1593.0
2017,04,비정규근로자(특수형태포함),초과급여,천원,58.0
2017,04,비정규근로자(특수형태포함),전년도 연간특별급여/12개월,천원,28.0
2017,04,비정규근로자(특수형태포함),전년도 연간특별급여,천원,340.0
2018,04,비정규근로자(특수형태포함),총근로일수,일,
2018,04,비정규근로자(특수형태포함),총근로시간,시간,
2018,04,비정규근로자(특수형태포함),소정실근로시간,시간,
2018,04,비정규근로자(특수형태포함),초과근로시간,시간,
2018,04,비정규근로자(특수형태포함),휴일근로시간,시간,
2018,04,비정규근로자(특수형태포함),시간당임금총액,원,
2018,04,비정규근로자(특수형태포함),시간당정액급여,원,
2018,04,비정규근로자(특수형태포함),월임금총액,천원,1755.0
2018,04,비정규근로자(특수형태포함),월급여액,천원,1727.0
2018,04,비정규근로자(특수형태포함),정액급여,천원,1671.0
2018,04,비정규근로자(특수형태포함),초과급여,천원,56.0
2018,04,비정규근로자(특수형태포함),전년도 연간특별급여/12개월,천원,28.0
2018,04,비정규근로자(특수형태포함),전년도 연간특별급여,천원,341.0
2019,04,비정규근로자(특수형태포함),총근로일수,일,
2019,04,비정규근로자(특수형태포함),총근로시간,시간,
2019,04,비정규근로자(특수형태포함),소정실근로시간,시간,
2019,04,비정규근로자(특수형태포함),초과근로시간,시간,
2019,04,비정규근로자(특수형태포함),휴일근로시간,시간,
2019,04,비정규근로자(특수형태포함),시간당임금총액,원,
2019,04,비정규근로자(특수형태포함),시간당정액급여,원,
2019,04,비정규근로자(특수형태포함),월임금총액,천원,1811.0
2019,04,비정규근로자(특수형태포함),월급여액,천원,1783.0
2019,04,비정규근로자(특수형태포함),정액급여,천원,1730.0
2019,04,비정규근로자(특수형태포함),초과급여,천원,54.0
2019,04,비정규근로자(특수형태포함),전년도 연간특별급여/12개월,천원,28.0
2019,04,비정규근로자(특수형태포함),전년도 연간특별급여,천원,332.0
2020,04,비정규근로자(특수형태포함),총근로일수,일,
2020,04,비정규근로자(특수형태포함),총근로시간,시간,
2020,04,비정규근로자(특수형태포함),소정실근로시간,시간,
2020,04,비정규근로자(특수형태포함),초과근로시간,시간,
2020,04,비정규근로자(특수형태포함),휴일근로시간,시간,
2020,04,비정규근로자(특수형태포함),시간당임금총액,원,
2020,04,비정규근로자(특수형태포함),시간당정액급여,원,
2020,04,비정규근로자(특수형태포함),월임금총액,천원,1828.0
2020,04,비정규근로자(특수형태포함),월급여액,천원,1801.0
2020,04,비정규근로자(특수형태포함),정액급여,천원,1752.0
2020,04,비정규근로자(특수형태포함),초과급여,천원,49.0
2020,04,비정규근로자(특수형태포함),전년도 연간특별급여/12개월,천원,27.0
2020,04,비정규근로자(특수형태포함),전년도 연간특별급여,천원,320.0
2021,04,비정규근로자(특수형태포함),총근로일수,일,
2021,04,비정규근로자(특수형태포함),총근로시간,시간,
2021,04,비정규근로자(특수형태포함),소정실근로시간,시간,
2021,04,비정규근로자(특수형태포함),초과근로시간,시간,
2021,04,비정규근로자(특수형태포함),휴일근로시간,시간,
2021,04,비정규근로자(특수형태포함),시간당임금총액,원,
2021,04,비정규근로자(특수형태포함),시간당정액급여,원,
2021,04,비정규근로자(특수형태포함),월임금총액,천원,1879.0
2021,04,비정규근로자(특수형태포함),월급여액,천원,1853.0
2021,04,비정규근로자(특수형태포함),정액급여,천원,1798.0
2021,04,비정규근로자(특수형태포함),초과급여,천원,55.0
2021,04,비정규근로자(특수형태포함),전년도 연간특별급여/12개월,천원,26.0
2021,04,비정규근로자(특수형태포함),전년도 연간특별급여,천원,314.0
2022,04,비정규근로자(특수형태포함),총근로일수,일,
2022,04,비정규근로자(특수형태포함),총근로시간,시간,
2022,04,비정규근로자(특수형태포함),소정실근로시간,시간,
2022,04,비정규근로자(특수형태포함),초과근로시간,시간,
2022,04,비정규근로자(특수형태포함),휴일근로시간,시간,
2022,04,비정규근로자(특수형태포함),시간당임금총액,원,
2022,04,비정규근로자(특수형태포함),시간당정액급여,원,
2022,04,비정규근로자(특수형태포함),월임금총액,천원,2000.0
2022,04,비정규근로자(특수형태포함),월급여액,천원,1962.0
2022,04,비정규근로자(특수형태포함),정액급여,천원,1891.0
2022,04,비정규근로자(특수형태포함),초과급여,천원,71.0
2022,04,비정규근로자(특수형태포함),전년도 연간특별급여/12개월,천원,38.0
2022,04,비정규근로자(특수형태포함),전년도 연간특별급여,천원,456.0
2023,04,비정규근로자(특수형태포함),총근로일수,일,
2023,04,비정규근로자(특수형태포함),총근로시간,시간,
2023,04,비정규근로자(특수형태포함),소정실근로시간,시간,
2023,04,비정규근로자(특수형태포함),초과근로시간,시간,
2023,04,비정규근로자(특수형태포함),휴일근로시간,시간,
2023,04,비정규근로자(특수형태포함),시간당임금총액,원,
2023,04,비정규근로자(특수형태포함),시간당정액급여,원,
2023,04,비정규근로자(특수형태포함),월임금총액,천원,2061.0
2023,04,비정규근로자(특수형태포함),월급여액,천원,2023.0
2023,04,비정규근로자(특수형태포함),정액급여,천원,1955.0
2023,04,비정규근로자(특수형태포함),초과급여,천원,68.0
2023,04,비정규근로자(특수형태포함),전년도 연간특별급여/12개월,천원,38.0
2023,04,비정규근로자(특수형태포함),전년도 연간특별급여,천원,453.0
2024,04,비정규근로자(특수형태포함),총근로일수,일,
2024,04,비정규근로자(특수형태포함),총근로시간,시간,
2024,04,비정규근로자(특수형태포함),소정실근로시간,시간,
2024,04,비정규근로자(특수형태포함),초과근로시간,시간,
2024,04,비정규근로자(특수형태포함),휴일근로시간,시간,
2024,04,비정규근로자(특수형태포함),시간당임금총액,원,
2024,04,비정규근로자(특수형태포함),시간당정액급여,원,
2024,04,비정규근로자(특수형태포함),월임금총액,천원,2089.0
2024,04,비정규근로자(특수형태포함),월급여액,천원,2055.0
2024,04,비정규근로자(특수형태포함),정액급여,천원,1984.0
2024,04,비정규근로자(특수형태포함),초과급여,천원,71.0
2024,04,비정규근로자(특수형태포함),전년도 연간특별급여/12개월,천원,35.0
2024,04,비정규근로자(특수형태포함),전년도 연간특별급여,천원,419.0
2025,04,비정규근로자(특수형태포함),총근로일수,일,
2025,04,비정규근로자(특수형태포함),총근로시간,시간,
2025,04,비정규근로자(특수형태포함),소정실근로시간,시간,
2025,04,비정규근로자(특수형태포함),초과근로시간,시간,
2025,04,비정규근로자(특수형태포함),휴일근로시간,시간,
2025,04,비정규근로자(특수형태포함),시간당임금총액,원,
2025,04,비정규근로자(특수형태포함),시간당정액급여,원,
2025,04,비정규근로자(특수형태포함),월임금총액,천원,2099.0
2025,04,비정규근로자(특수형태포함),월급여액,천원,2064.0
2025,04,비정규근로자(특수형태포함),정액급여,천원,1987.0
2025,04,비정규근로자(특수형태포함),초과급여,천원,77.0
2025,04,비정규근로자(특수형태포함),전년도 연간특별급여/12개월,천원,35.0
2025,04,비정규근로자(특수형태포함),전년도 연간특별급여,천원,425.0
2007,05,특수형태근로종사자,총근로일수,일,
2007,05,특수형태근로종사자,총근로시간,시간,
2007,05,특수형태근로종사자,소정실근로시간,시간,
2007,05,특수형태근로종사자,초과근로시간,시간,
2007,05,특수형태근로종사자,휴일근로시간,시간,
2007,05,특수형태근로종사자,시간당임금총액,원,
2007,05,특수형태근로종사자,시간당정액급여,원,
2007,05,특수형태근로종사자,월임금총액,천원,2164.0
2007,05,특수형태근로종사자,월급여액,천원,2118.0
2007,05,특수형태근로종사자,정액급여,천원,2118.0
2007,05,특수형태근로종사자,초과급여,천원,
2007,05,특수형태근로종사자,전년도 연간특별급여/12개월,천원,46.0
2007,05,특수형태근로종사자,전년도 연간특별급여,천원,555.0
2008,05,특수형태근로종사자,총근로일수,일,
2008,05,특수형태근로종사자,총근로시간,시간,
2008,05,특수형태근로종사자,소정실근로시간,시간,
2008,05,특수형태근로종사자,초과근로시간,시간,
2008,05,특수형태근로종사자,휴일근로시간,시간,
2008,05,특수형태근로종사자,시간당임금총액,원,
2008,05,특수형태근로종사자,시간당정액급여,원,
2008,05,특수형태근로종사자,월임금총액,천원,2175.0
2008,05,특수형태근로종사자,월급여액,천원,2130.0
2008,05,특수형태근로종사자,정액급여,천원,2130.0
2008,05,특수형태근로종사자,초과급여,천원,
2008,05,특수형태근로종사자,전년도 연간특별급여/12개월,천원,46.0
2008,05,특수형태근로종사자,전년도 연간특별급여,천원,547.0
2009,05,특수형태근로종사자,총근로일수,일,
2009,05,특수형태근로종사자,총근로시간,시간,
2009,05,특수형태근로종사자,소정실근로시간,시간,
2009,05,특수형태근로종사자,초과근로시간,시간,
2009,05,특수형태근로종사자,휴일근로시간,시간,
2009,05,특수형태근로종사자,시간당임금총액,원,
2009,05,특수형태근로종사자,시간당정액급여,원,
2009,05,특수형태근로종사자,월임금총액,천원,2094.0
2009,05,특수형태근로종사자,월급여액,천원,2051.0
2009,05,특수형태근로종사자,정액급여,천원,2051.0
2009,05,특수형태근로종사자,초과급여,천원,
2009,05,특수형태근로종사자,전년도 연간특별급여/12개월,천원,43.0
2009,05,특수형태근로종사자,전년도 연간특별급여,천원,510.0
2010,05,특수형태근로종사자,총근로일수,일,
2010,05,특수형태근로종사자,총근로시간,시간,
2010,05,특수형태근로종사자,소정실근로시간,시간,
2010,05,특수형태근로종사자,초과근로시간,시간,
2010,05,특수형태근로종사자,휴일근로시간,시간,
2010,05,특수형태근로종사자,시간당임금총액,원,
2010,05,특수형태근로종사자,시간당정액급여,원,
2010,05,특수형태근로종사자,월임금총액,천원,2111.0
2010,05,특수형태근로종사자,월급여액,천원,2072.0
2010,05,특수형태근로종사자,정액급여,천원,2072.0
2010,05,특수형태근로종사자,초과급여,천원,
2010,05,특수형태근로종사자,전년도 연간특별급여/12개월,천원,39.0
2010,05,특수형태근로종사자,전년도 연간특별급여,천원,471.0
2011,05,특수형태근로종사자,총근로일수,일,
2011,05,특수형태근로종사자,총근로시간,시간,
2011,05,특수형태근로종사자,소정실근로시간,시간,
2011,05,특수형태근로종사자,초과근로시간,시간,
2011,05,특수형태근로종사자,휴일근로시간,시간,
2011,05,특수형태근로종사자,시간당임금총액,원,
2011,05,특수형태근로종사자,시간당정액급여,원,
2011,05,특수형태근로종사자,월임금총액,천원,2170.0
2011,05,특수형태근로종사자,월급여액,천원,2130.0
2011,05,특수형태근로종사자,정액급여,천원,2130.0
2011,05,특수형태근로종사자,초과급여,천원,
2011,05,특수형태근로종사자,전년도 연간특별급여/12개월,천원,40.0
2011,05,특수형태근로종사자,전년도 연간특별급여,천원,476.0
2012,05,특수형태근로종사자,총근로일수,일,
2012,05,특수형태근로종사자,총근로시간,시간,
2012,05,특수형태근로종사자,소정실근로시간,시간,
2012,05,특수형태근로종사자,초과근로시간,시간,
2012,05,특수형태근로종사자,휴일근로시간,시간,
2012,05,특수형태근로종사자,시간당임금총액,원,
2012,05,특수형태근로종사자,시간당정액급여,원,
2012,05,특수형태근로종사자,월임금총액,천원,2212.0
2012,05,특수형태근로종사자,월급여액,천원,2191.0
2012,05,특수형태근로종사자,정액급여,천원,2191.0
2012,05,특수형태근로종사자,초과급여,천원,
2012,05,특수형태근로종사자,전년도 연간특별급여/12개월,천원,21.0
2012,05,특수형태근로종사자,전년도 연간특별급여,천원,249.0
2013,05,특수형태근로종사자,총근로일수,일,
2013,05,특수형태근로종사자,총근로시간,시간,
2013,05,특수형태근로종사자,소정실근로시간,시간,
2013,05,특수형태근로종사자,초과근로시간,시간,
2013,05,특수형태근로종사자,휴일근로시간,시간,
2013,05,특수형태근로종사자,시간당임금총액,원,
2013,05,특수형태근로종사자,시간당정액급여,원,
2013,05,특수형태근로종사자,월임금총액,천원,2700.0
2013,05,특수형태근로종사자,월급여액,천원,2690.0
2013,05,특수형태근로종사자,정액급여,천원,2690.0
2013,05,특수형태근로종사자,초과급여,천원,
2013,05,특수형태근로종사자,전년도 연간특별급여/12개월,천원,10.0
2013,05,특수형태근로종사자,전년도 연간특별급여,천원,119.0
2014,05,특수형태근로종사자,총근로일수,일,
2014,05,특수형태근로종사자,총근로시간,시간,
2014,05,특수형태근로종사자,소정실근로시간,시간,
2014,05,특수형태근로종사자,초과근로시간,시간,
2014,05,특수형태근로종사자,휴일근로시간,시간,
2014,05,특수형태근로종사자,시간당임금총액,원,
2014,05,특수형태근로종사자,시간당정액급여,원,
2014,05,특수형태근로종사자,월임금총액,천원,2575.0
2014,05,특수형태근로종사자,월급여액,천원,2573.0
2014,05,특수형태근로종사자,정액급여,천원,2571.0
2014,05,특수형태근로종사자,초과급여,천원,
2014,05,특수형태근로종사자,전년도 연간특별급여/12개월,천원,2.0
2014,05,특수형태근로종사자,전년도 연간특별급여,천원,27.0
2015,05,특수형태근로종사자,총근로일수,일,
2015,05,특수형태근로종사자,총근로시간,시간,
2015,05,특수형태근로종사자,소정실근로시간,시간,
2015,05,특수형태근로종사자,초과근로시간,시간,
2015,05,특수형태근로종사자,휴일근로시간,시간,
2015,05,특수형태근로종사자,시간당임금총액,원,
2015,05,특수형태근로종사자,시간당정액급여,원,
2015,05,특수형태근로종사자,월임금총액,천원,2608.0
2015,05,특수형태근로종사자,월급여액,천원,2603.0
2015,05,특수형태근로종사자,정액급여,천원,2603.0
2015,05,특수형태근로종사자,초과급여,천원,
2015,05,특수형태근로종사자,전년도 연간특별급여/12개월,천원,5.0
2015,05,특수형태근로종사자,전년도 연간특별급여,천원,64.0
2016,05,특수형태근로종사자,총근로일수,일,
2016,05,특수형태근로종사자,총근로시간,시간,
2016,05,특수형태근로종사자,소정실근로시간,시간,
2016,05,특수형태근로종사자,초과근로시간,시간,
2016,05,특수형태근로종사자,휴일근로시간,시간,
2016,05,특수형태근로종사자,시간당임금총액,원,
2016,05,특수형태근로종사자,시간당정액급여,원,
2016,05,특수형태근로종사자,월임금총액,천원,2611.0
2016,05,특수형태근로종사자,월급여액,천원,2606.0
2016,05,특수형태근로종사자,정액급여,천원,2606.0
2016,05,특수형태근로종사자,초과급여,천원,
2016,05,특수형태근로종사자,전년도 연간특별급여/12개월,천원,6.0
2016,05,특수형태근로종사자,전년도 연간특별급여,천원,69.0
2017,05,특수형태근로종사자,총근로일수,일,
2017,05,특수형태근로종사자,총근로시간,시간,
2017,05,특수형태근로종사자,소정실근로시간,시간,
2017,05,특수형태근로종사자,초과근로시간,시간,
2017,05,특수형태근로종사자,휴일근로시간,시간,
2017,05,특수형태근로종사자,시간당임금총액,원,
2017,05,특수형태근로종사자,시간당정액급여,원,
2017,05,특수형태근로종사자,월임금총액,천원,2589.0
2017,05,특수형태근로종사자,월급여액,천원,2585.0
2017,05,특수형태근로종사자,정액급여,천원,2584.0
2017,05,특수형태근로종사자,초과급여,천원,
2017,05,특수형태근로종사자,전년도 연간특별급여/12개월,천원,4.0
2017,05,특수형태근로종사자,전년도 연간특별급여,천원,48.0
2018,05,특수형태근로종사자,총근로일수,일,
2018,05,특수형태근로종사자,총근로시간,시간,
2018,05,특수형태근로종사자,소정실근로시간,시간,
2018,05,특수형태근로종사자,초과근로시간,시간,
2018,05,특수형태근로종사자,휴일근로시간,시간,
2018,05,특수형태근로종사자,시간당임금총액,원,
2018,05,특수형태근로종사자,시간당정액급여,원,
2018,05,특수형태근로종사자,월임금총액,천원,2601.0
2018,05,특수형태근로종사자,월급여액,천원,2598.0
2018,05,특수형태근로종사자,정액급여,천원,2598.0
2018,05,특수형태근로종사자,초과급여,천원,
2018,05,특수형태근로종사자,전년도 연간특별급여/12개월,천원,3.0
2018,05,특수형태근로종사자,전년도 연간특별급여,천원,35.0
2019,05,특수형태근로종사자,총근로일수,일,
2019,05,특수형태근로종사자,총근로시간,시간,
2019,05,특수형태근로종사자,소정실근로시간,시간,
2019,05,특수형태근로종사자,초과근로시간,시간,
2019,05,특수형태근로종사자,휴일근로시간,시간,
2019,05,특수형태근로종사자,시간당임금총액,원,
2019,05,특수형태근로종사자,시간당정액급여,원,
2019,05,특수형태근로종사자,월임금총액,천원,2653.0
2019,05,특수형태근로종사자,월급여액,천원,2652.0
2019,05,특수형태근로종사자,정액급여,천원,2652.0
2019,05,특수형태근로종사자,초과급여,천원,
2019,05,특수형태근로종사자,전년도 연간특별급여/12개월,천원,2.0
2019,05,특수형태근로종사자,전년도 연간특별급여,천원,21.0
2020,05,특수형태근로종사자,총근로일수,일,
2020,05,특수형태근로종사자,총근로시간,시간,
2020,05,특수형태근로종사자,소정실근로시간,시간,
2020,05,특수형태근로종사자,초과근로시간,시간,
2020,05,특수형태근로종사자,휴일근로시간,시간,
2020,05,특수형태근로종사자,시간당임금총액,원,
2020,05,특수형태근로종사자,시간당정액급여,원,
2020,05,특수형태근로종사자,월임금총액,천원,2799.0
2020,05,특수형태근로종사자,월급여액,천원,2798.0
2020,05,특수형태근로종사자,정액급여,천원,2798.0
2020,05,특수형태근로종사자,초과급여,천원,
2020,05,특수형태근로종사자,전년도 연간특별급여/12개월,천원,2.0
2020,05,특수형태근로종사자,전년도 연간특별급여,천원,18.0
2021,05,특수형태근로종사자,총근로일수,일,
2021,05,특수형태근로종사자,총근로시간,시간,
2021,05,특수형태근로종사자,소정실근로시간,시간,
2021,05,특수형태근로종사자,초과근로시간,시간,
2021,05,특수형태근로종사자,휴일근로시간,시간,
2021,05,특수형태근로종사자,시간당임금총액,원,
2021,05,특수형태근로종사자,시간당정액급여,원,
2021,05,특수형태근로종사자,월임금총액,천원,2841.0
2021,05,특수형태근로종사자,월급여액,천원,2840.0
2021,05,특수형태근로종사자,정액급여,천원,2840.0
2021,05,특수형태근로종사자,초과급여,천원,
2021,05,특수형태근로종사자,전년도 연간특별급여/12개월,천원,1.0
2021,05,특수형태근로종사자,전년도 연간특별급여,천원,16.0
2022,05,특수형태근로종사자,총근로일수,일,
2022,05,특수형태근로종사자,총근로시간,시간,
2022,05,특수형태근로종사자,소정실근로시간,시간,
2022,05,특수형태근로종사자,초과근로시간,시간,
2022,05,특수형태근로종사자,휴일근로시간,시간,
2022,05,특수형태근로종사자,시간당임금총액,원,
2022,05,특수형태근로종사자,시간당정액급여,원,
2022,05,특수형태근로종사자,월임금총액,천원,3031.0
2022,05,특수형태근로종사자,월급여액,천원,3030.0
2022,05,특수형태근로종사자,정액급여,천원,3030.0
2022,05,특수형태근로종사자,초과급여,천원,
2022,05,특수형태근로종사자,전년도 연간특별급여/12개월,천원,1.0
2022,05,특수형태근로종사자,전년도 연간특별급여,천원,10.0
2023,05,특수형태근로종사자,총근로일수,일,
2023,05,특수형태근로종사자,총근로시간,시간,
2023,05,특수형태근로종사자,소정실근로시간,시간,
2023,05,특수형태근로종사자,초과근로시간,시간,
2023,05,특수형태근로종사자,휴일근로시간,시간,
2023,05,특수형태근로종사자,시간당임금총액,원,
2023,05,특수형태근로종사자,시간당정액급여,원,
2023,05,특수형태근로종사자,월임금총액,천원,3235.0
2023,05,특수형태근로종사자,월급여액,천원,3234.0
2023,05,특수형태근로종사자,정액급여,천원,3234.0
2023,05,특수형태근로종사자,초과급여,천원,
2023,05,특수형태근로종사자,전년도 연간특별급여/12개월,천원,1.0
2023,05,특수형태근로종사자,전년도 연간특별급여,천원,13.0
2024,05,특수형태근로종사자,총근로일수,일,
2024,05,특수형태근로종사자,총근로시간,시간,
2024,05,특수형태근로종사자,소정실근로시간,시간,
2024,05,특수형태근로종사자,초과근로시간,시간,
2024,05,특수형태근로종사자,휴일근로시간,시간,
2024,05,특수형태근로종사자,시간당임금총액,원,
2024,05,특수형태근로종사자,시간당정액급여,원,
2024,05,특수형태근로종사자,월임금총액,천원,3252.0
2024,05,특수형태근로종사자,월급여액,천원,3251.0
2024,05,특수형태근로종사자,정액급여,천원,3251.0
2024,05,특수형태근로종사자,초과급여,천원,
2024,05,특수형태근로종사자,전년도 연간특별급여/12개월,천원,1.0
2024,05,특수형태근로종사자,전년도 연간특별급여,천원,13.0
2025,05,특수형태근로종사자,총근로일수,일,
2025,05,특수형태근로종사자,총근로시간,시간,
2025,05,특수형태근로종사자,소정실근로시간,시간,
2025,05,특수형태근로종사자,초과근로시간,시간,
2025,05,특수형태근로종사자,휴일근로시간,시간,
2025,05,특수형태근로종사자,시간당임금총액,원,
2025,05,특수형태근로종사자,시간당정액급여,원,
2025,05,특수형태근로종사자,월임금총액,천원,3319.0
2025,05,특수형태근로종사자,월급여액,천원,3318.0
2025,05,특수형태근로종사자,정액급여,천원,3318.0
2025,05,특수형태근로종사자,초과급여,천원,
2025,05,특수형태근로종사자,전년도 연간특별급여/12개월,천원,1.0
2025,05,특수형태근로종사자,전년도 연간특별급여,천원,14.0
2007,06,재택/가내근로자,총근로일수,일,21.0
2007,06,재택/가내근로자,총근로시간,시간,164.4
2007,06,재택/가내근로자,소정실근로시간,시간,162.7
2007,06,재택/가내근로자,초과근로시간,시간,1.8
2007,06,재택/가내근로자,휴일근로시간,시간,
2007,06,재택/가내근로자,시간당임금총액,원,6010.0
2007,06,재택/가내근로자,시간당정액급여,원,5883.0
2007,06,재택/가내근로자,월임금총액,천원,942.0
2007,06,재택/가내근로자,월급여액,천원,922.0
2007,06,재택/가내근로자,정액급여,천원,911.0
2007,06,재택/가내근로자,초과급여,천원,11.0
2007,06,재택/가내근로자,전년도 연간특별급여/12개월,천원,20.0
2007,06,재택/가내근로자,전년도 연간특별급여,천원,240.0
2008,06,재택/가내근로자,총근로일수,일,18.6
2008,06,재택/가내근로자,총근로시간,시간,162.0
2008,06,재택/가내근로자,소정실근로시간,시간,159.9
2008,06,재택/가내근로자,초과근로시간,시간,2.1
2008,06,재택/가내근로자,휴일근로시간,시간,
2008,06,재택/가내근로자,시간당임금총액,원,6003.0
2008,06,재택/가내근로자,시간당정액급여,원,5937.0
2008,06,재택/가내근로자,월임금총액,천원,828.0
2008,06,재택/가내근로자,월급여액,천원,809.0
2008,06,재택/가내근로자,정액급여,천원,798.0
2008,06,재택/가내근로자,초과급여,천원,11.0
2008,06,재택/가내근로자,전년도 연간특별급여/12개월,천원,18.0
2008,06,재택/가내근로자,전년도 연간특별급여,천원,218.0
2009,06,재택/가내근로자,총근로일수,일,19.7
2009,06,재택/가내근로자,총근로시간,시간,160.8
2009,06,재택/가내근로자,소정실근로시간,시간,159.1
2009,06,재택/가내근로자,초과근로시간,시간,1.7
2009,06,재택/가내근로자,휴일근로시간,시간,
2009,06,재택/가내근로자,시간당임금총액,원,5602.0
2009,06,재택/가내근로자,시간당정액급여,원,5492.0
2009,06,재택/가내근로자,월임금총액,천원,830.0
2009,06,재택/가내근로자,월급여액,천원,813.0
2009,06,재택/가내근로자,정액급여,천원,802.0
2009,06,재택/가내근로자,초과급여,천원,11.0
2009,06,재택/가내근로자,전년도 연간특별급여/12개월,천원,17.0
2009,06,재택/가내근로자,전년도 연간특별급여,천원,200.0
2010,06,재택/가내근로자,총근로일수,일,18.7
2010,06,재택/가내근로자,총근로시간,시간,151.6
2010,06,재택/가내근로자,소정실근로시간,시간,149.2
2010,06,재택/가내근로자,초과근로시간,시간,2.4
2010,06,재택/가내근로자,휴일근로시간,시간,
2010,06,재택/가내근로자,시간당임금총액,원,5755.0
2010,06,재택/가내근로자,시간당정액급여,원,5659.0
2010,06,재택/가내근로자,월임금총액,천원,833.0
2010,06,재택/가내근로자,월급여액,천원,817.0
2010,06,재택/가내근로자,정액급여,천원,806.0
2010,06,재택/가내근로자,초과급여,천원,11.0
2010,06,재택/가내근로자,전년도 연간특별급여/12개월,천원,17.0
2010,06,재택/가내근로자,전년도 연간특별급여,천원,198.0
2011,06,재택/가내근로자,총근로일수,일,19.8
2011,06,재택/가내근로자,총근로시간,시간,140.2
2011,06,재택/가내근로자,소정실근로시간,시간,138.0
2011,06,재택/가내근로자,초과근로시간,시간,2.2
2011,06,재택/가내근로자,휴일근로시간,시간,
2011,06,재택/가내근로자,시간당임금총액,원,6668.0
2011,06,재택/가내근로자,시간당정액급여,원,6561.0
2011,06,재택/가내근로자,월임금총액,천원,888.0
2011,06,재택/가내근로자,월급여액,천원,870.0
2011,06,재택/가내근로자,정액급여,천원,855.0
2011,06,재택/가내근로자,초과급여,천원,15.0
2011,06,재택/가내근로자,전년도 연간특별급여/12개월,천원,18.0
2011,06,재택/가내근로자,전년도 연간특별급여,천원,221.0
2012,06,재택/가내근로자,총근로일수,일,19.0
2012,06,재택/가내근로자,총근로시간,시간,132.4
2012,06,재택/가내근로자,소정실근로시간,시간,130.7
2012,06,재택/가내근로자,초과근로시간,시간,1.7
2012,06,재택/가내근로자,휴일근로시간,시간,
2012,06,재택/가내근로자,시간당임금총액,원,7774.0
2012,06,재택/가내근로자,시간당정액급여,원,7554.0
2012,06,재택/가내근로자,월임금총액,천원,984.0
2012,06,재택/가내근로자,월급여액,천원,960.0
2012,06,재택/가내근로자,정액급여,천원,941.0
2012,06,재택/가내근로자,초과급여,천원,19.0
2012,06,재택/가내근로자,전년도 연간특별급여/12개월,천원,24.0
2012,06,재택/가내근로자,전년도 연간특별급여,천원,293.0
2013,06,재택/가내근로자,총근로일수,일,19.5
2013,06,재택/가내근로자,총근로시간,시간,133.9
2013,06,재택/가내근로자,소정실근로시간,시간,132.8
2013,06,재택/가내근로자,초과근로시간,시간,1.1
2013,06,재택/가내근로자,휴일근로시간,시간,
2013,06,재택/가내근로자,시간당임금총액,원,9410.0
2013,06,재택/가내근로자,시간당정액급여,원,9229.0
2013,06,재택/가내근로자,월임금총액,천원,1268.0
2013,06,재택/가내근로자,월급여액,천원,1238.0
2013,06,재택/가내근로자,정액급여,천원,1228.0
2013,06,재택/가내근로자,초과급여,천원,9.0
2013,06,재택/가내근로자,전년도 연간특별급여/12개월,천원,30.0
2013,06,재택/가내근로자,전년도 연간특별급여,천원,360.0
2014,06,재택/가내근로자,총근로일수,일,19.4
2014,06,재택/가내근로자,총근로시간,시간,117.4
2014,06,재택/가내근로자,소정실근로시간,시간,114.7
2014,06,재택/가내근로자,초과근로시간,시간,2.7
2014,06,재택/가내근로자,휴일근로시간,시간,
2014,06,재택/가내근로자,시간당임금총액,원,9906.0
2014,06,재택/가내근로자,시간당정액급여,원,9598.0
2014,06,재택/가내근로자,월임금총액,천원,1221.0
2014,06,재택/가내근로자,월급여액,천원,1183.0
2014,06,재택/가내근로자,정액급여,천원,1148.0
2014,06,재택/가내근로자,초과급여,천원,34.0
2014,06,재택/가내근로자,전년도 연간특별급여/12개월,천원,38.0
2014,06,재택/가내근로자,전년도 연간특별급여,천원,459.0
2015,06,재택/가내근로자,총근로일수,일,19.7
2015,06,재택/가내근로자,총근로시간,시간,139.0
2015,06,재택/가내근로자,소정실근로시간,시간,138.7
2015,06,재택/가내근로자,초과근로시간,시간,0.3
2015,06,재택/가내근로자,휴일근로시간,시간,0.4
2015,06,재택/가내근로자,시간당임금총액,원,10425.0
2015,06,재택/가내근로자,시간당정액급여,원,9881.0
2015,06,재택/가내근로자,월임금총액,천원,1337.0
2015,06,재택/가내근로자,월급여액,천원,1297.0
2015,06,재택/가내근로자,정액급여,천원,1243.0
2015,06,재택/가내근로자,초과급여,천원,54.0
2015,06,재택/가내근로자,전년도 연간특별급여/12개월,천원,40.0
2015,06,재택/가내근로자,전년도 연간특별급여,천원,483.0
2016,06,재택/가내근로자,총근로일수,일,16.4
2016,06,재택/가내근로자,총근로시간,시간,115.3
2016,06,재택/가내근로자,소정실근로시간,시간,115.3
2016,06,재택/가내근로자,초과근로시간,시간,0.0
2016,06,재택/가내근로자,휴일근로시간,시간,0.0
2016,06,재택/가내근로자,시간당임금총액,원,10513.0
2016,06,재택/가내근로자,시간당정액급여,원,10151.0
2016,06,재택/가내근로자,월임금총액,천원,1188.0
2016,06,재택/가내근로자,월급여액,천원,1148.0
2016,06,재택/가내근로자,정액급여,천원,1139.0
2016,06,재택/가내근로자,초과급여,천원,8.0
2016,06,재택/가내근로자,전년도 연간특별급여/12개월,천원,40.0
2016,06,재택/가내근로자,전년도 연간특별급여,천원,481.0
2017,06,재택/가내근로자,총근로일수,일,20.4
2017,06,재택/가내근로자,총근로시간,시간,124.8
2017,06,재택/가내근로자,소정실근로시간,시간,123.6
2017,06,재택/가내근로자,초과근로시간,시간,1.2
2017,06,재택/가내근로자,휴일근로시간,시간,0.8
2017,06,재택/가내근로자,시간당임금총액,원,11009.0
2017,06,재택/가내근로자,시간당정액급여,원,10745.0
2017,06,재택/가내근로자,월임금총액,천원,1309.0
2017,06,재택/가내근로자,월급여액,천원,1272.0
2017,06,재택/가내근로자,정액급여,천원,1261.0
2017,06,재택/가내근로자,초과급여,천원,11.0
2017,06,재택/가내근로자,전년도 연간특별급여/12개월,천원,38.0
2017,06,재택/가내근로자,전년도 연간특별급여,천원,451.0
2018,06,재택/가내근로자,총근로일수,일,18.8
2018,06,재택/가내근로자,총근로시간,시간,123.2
2018,06,재택/가내근로자,소정실근로시간,시간,122.0
2018,06,재택/가내근로자,초과근로시간,시간,1.2
2018,06,재택/가내근로자,휴일근로시간,시간,0.0
2018,06,재택/가내근로자,시간당임금총액,원,12694.0
2018,06,재택/가내근로자,시간당정액급여,원,12263.0
2018,06,재택/가내근로자,월임금총액,천원,1569.0
2018,06,재택/가내근로자,월급여액,천원,1514.0
2018,06,재택/가내근로자,정액급여,천원,1500.0
2018,06,재택/가내근로자,초과급여,천원,14.0
2018,06,재택/가내근로자,전년도 연간특별급여/12개월,천원,54.0
2018,06,재택/가내근로자,전년도 연간특별급여,천원,653.0
2019,06,재택/가내근로자,총근로일수,일,16.2
2019,06,재택/가내근로자,총근로시간,시간,112.5
2019,06,재택/가내근로자,소정실근로시간,시간,111.9
2019,06,재택/가내근로자,초과근로시간,시간,0.6
2019,06,재택/가내근로자,휴일근로시간,시간,0.4
2019,06,재택/가내근로자,시간당임금총액,원,14288.0
2019,06,재택/가내근로자,시간당정액급여,원,13329.0
2019,06,재택/가내근로자,월임금총액,천원,1578.0
2019,06,재택/가내근로자,월급여액,천원,1500.0
2019,06,재택/가내근로자,정액급여,천원,1491.0
2019,06,재택/가내근로자,초과급여,천원,9.0
2019,06,재택/가내근로자,전년도 연간특별급여/12개월,천원,78.0
2019,06,재택/가내근로자,전년도 연간특별급여,천원,936.0
2020,06,재택/가내근로자,총근로일수,일,20.6
2020,06,재택/가내근로자,총근로시간,시간,116.7
2020,06,재택/가내근로자,소정실근로시간,시간,115.5
2020,06,재택/가내근로자,초과근로시간,시간,1.2
2020,06,재택/가내근로자,휴일근로시간,시간,0.4
2020,06,재택/가내근로자,시간당임금총액,원,13744.0
2020,06,재택/가내근로자,시간당정액급여,원,13582.0
2020,06,재택/가내근로자,월임금총액,천원,1556.0
2020,06,재택/가내근로자,월급여액,천원,1533.0
2020,06,재택/가내근로자,정액급여,천원,1522.0
2020,06,재택/가내근로자,초과급여,천원,11.0
2020,06,재택/가내근로자,전년도 연간특별급여/12개월,천원,23.0
2020,06,재택/가내근로자,전년도 연간특별급여,천원,280.0
2021,06,재택/가내근로자,총근로일수,일,20.4
2021,06,재택/가내근로자,총근로시간,시간,117.2
2021,06,재택/가내근로자,소정실근로시간,시간,115.0
2021,06,재택/가내근로자,초과근로시간,시간,2.2
2021,06,재택/가내근로자,휴일근로시간,시간,1.1
2021,06,재택/가내근로자,시간당임금총액,원,12945.0
2021,06,재택/가내근로자,시간당정액급여,원,12805.0
2021,06,재택/가내근로자,월임금총액,천원,1559.0
2021,06,재택/가내근로자,월급여액,천원,1540.0
2021,06,재택/가내근로자,정액급여,천원,1513.0
2021,06,재택/가내근로자,초과급여,천원,27.0
2021,06,재택/가내근로자,전년도 연간특별급여/12개월,천원,19.0
2021,06,재택/가내근로자,전년도 연간특별급여,천원,227.0
2022,06,재택/가내근로자,총근로일수,일,18.6
2022,06,재택/가내근로자,총근로시간,시간,113.0
2022,06,재택/가내근로자,소정실근로시간,시간,110.2
2022,06,재택/가내근로자,초과근로시간,시간,2.8
2022,06,재택/가내근로자,휴일근로시간,시간,2.1
2022,06,재택/가내근로자,시간당임금총액,원,13762.0
2022,06,재택/가내근로자,시간당정액급여,원,13559.0
2022,06,재택/가내근로자,월임금총액,천원,1597.0
2022,06,재택/가내근로자,월급여액,천원,1567.0
2022,06,재택/가내근로자,정액급여,천원,1527.0
2022,06,재택/가내근로자,초과급여,천원,40.0
2022,06,재택/가내근로자,전년도 연간특별급여/12개월,천원,29.0
2022,06,재택/가내근로자,전년도 연간특별급여,천원,352.0
2023,06,재택/가내근로자,총근로일수,일,18.2
2023,06,재택/가내근로자,총근로시간,시간,114.7
2023,06,재택/가내근로자,소정실근로시간,시간,112.6
2023,06,재택/가내근로자,초과근로시간,시간,2.1
2023,06,재택/가내근로자,휴일근로시간,시간,0.3
2023,06,재택/가내근로자,시간당임금총액,원,14523.0
2023,06,재택/가내근로자,시간당정액급여,원,14246.0
2023,06,재택/가내근로자,월임금총액,천원,1617.0
2023,06,재택/가내근로자,월급여액,천원,1590.0
2023,06,재택/가내근로자,정액급여,천원,1548.0
2023,06,재택/가내근로자,초과급여,천원,41.0
2023,06,재택/가내근로자,전년도 연간특별급여/12개월,천원,27.0
2023,06,재택/가내근로자,전년도 연간특별급여,천원,328.0
2024,06,재택/가내근로자,총근로일수,일,17.7
2024,06,재택/가내근로자,총근로시간,시간,112.1
2024,06,재택/가내근로자,소정실근로시간,시간,111.2
2024,06,재택/가내근로자,초과근로시간,시간,0.8
2024,06,재택/가내근로자,휴일근로시간,시간,0.1
2024,06,재택/가내근로자,시간당임금총액,원,14917.0
2024,06,재택/가내근로자,시간당정액급여,원,14683.0
2024,06,재택/가내근로자,월임금총액,천원,1669.0
2024,06,재택/가내근로자,월급여액,천원,1645.0
2024,06,재택/가내근로자,정액급여,천원,1626.0
2024,06,재택/가내근로자,초과급여,천원,19.0
2024,06,재택/가내근로자,전년도 연간특별급여/12개월,천원,24.0
2024,06,재택/가내근로자,전년도 연간특별급여,천원,285.0
2025,06,재택/가내근로자,총근로일수,일,17.4
2025,06,재택/가내근로자,총근로시간,시간,110.6
2025,06,재택/가내근로자,소정실근로시간,시간,109.8
2025,06,재택/가내근로자,초과근로시간,시간,0.8
2025,06,재택/가내근로자,휴일근로시간,시간,0.1
2025,06,재택/가내근로자,시간당임금총액,원,14913.0
2025,06,재택/가내근로자,시간당정액급여,원,14700.0
2025,06,재택/가내근로자,월임금총액,천원,1702.0
2025,06,재택/가내근로자,월급여액,천원,1677.0
2025,06,재택/가내근로자,정액급여,천원,1659.0
2025,06,재택/가내근로자,초과급여,천원,18.0
2025,06,재택/가내근로자,전년도 연간특별급여/12개월,천원,25.0
2025,06,재택/가내근로자,전년도 연간특별급여,천원,299.0
2007,07,파견/용역근로자,총근로일수,일,21.1
2007,07,파견/용역근로자,총근로시간,시간,208.9
2007,07,파견/용역근로자,소정실근로시간,시간,198.4
2007,07,파견/용역근로자,초과근로시간,시간,10.5
2007,07,파견/용역근로자,휴일근로시간,시간,
2007,07,파견/용역근로자,시간당임금총액,원,6249.0
2007,07,파견/용역근로자,시간당정액급여,원,6009.0
2007,07,파견/용역근로자,월임금총액,천원,1176.0
2007,07,파견/용역근로자,월급여액,천원,1144.0
2007,07,파견/용역근로자,정액급여,천원,1065.0
2007,07,파견/용역근로자,초과급여,천원,80.0
2007,07,파견/용역근로자,전년도 연간특별급여/12개월,천원,31.0
2007,07,파견/용역근로자,전년도 연간특별급여,천원,375.0
2008,07,파견/용역근로자,총근로일수,일,20.3
2008,07,파견/용역근로자,총근로시간,시간,204.0
2008,07,파견/용역근로자,소정실근로시간,시간,191.9
2008,07,파견/용역근로자,초과근로시간,시간,12.1
2008,07,파견/용역근로자,휴일근로시간,시간,
2008,07,파견/용역근로자,시간당임금총액,원,6694.0
2008,07,파견/용역근로자,시간당정액급여,원,6488.0
2008,07,파견/용역근로자,월임금총액,천원,1259.0
2008,07,파견/용역근로자,월급여액,천원,1227.0
2008,07,파견/용역근로자,정액급여,천원,1144.0
2008,07,파견/용역근로자,초과급여,천원,83.0
2008,07,파견/용역근로자,전년도 연간특별급여/12개월,천원,32.0
2008,07,파견/용역근로자,전년도 연간특별급여,천원,387.0
2009,07,파견/용역근로자,총근로일수,일,21.2
2009,07,파견/용역근로자,총근로시간,시간,206.7
2009,07,파견/용역근로자,소정실근로시간,시간,196.6
2009,07,파견/용역근로자,초과근로시간,시간,10.1
2009,07,파견/용역근로자,휴일근로시간,시간,
2009,07,파견/용역근로자,시간당임금총액,원,6630.0
2009,07,파견/용역근로자,시간당정액급여,원,6413.0
2009,07,파견/용역근로자,월임금총액,천원,1292.0
2009,07,파견/용역근로자,월급여액,천원,1263.0
2009,07,파견/용역근로자,정액급여,천원,1185.0
2009,07,파견/용역근로자,초과급여,천원,78.0
2009,07,파견/용역근로자,전년도 연간특별급여/12개월,천원,29.0
2009,07,파견/용역근로자,전년도 연간특별급여,천원,352.0
2010,07,파견/용역근로자,총근로일수,일,20.4
2010,07,파견/용역근로자,총근로시간,시간,201.5
2010,07,파견/용역근로자,소정실근로시간,시간,191.2
2010,07,파견/용역근로자,초과근로시간,시간,10.3
2010,07,파견/용역근로자,휴일근로시간,시간,
2010,07,파견/용역근로자,시간당임금총액,원,6964.0
2010,07,파견/용역근로자,시간당정액급여,원,6797.0
2010,07,파견/용역근로자,월임금총액,천원,1331.0
2010,07,파견/용역근로자,월급여액,천원,1306.0
2010,07,파견/용역근로자,정액급여,천원,1224.0
2010,07,파견/용역근로자,초과급여,천원,82.0
2010,07,파견/용역근로자,전년도 연간특별급여/12개월,천원,26.0
2010,07,파견/용역근로자,전년도 연간특별급여,천원,308.0
2011,07,파견/용역근로자,총근로일수,일,20.3
2011,07,파견/용역근로자,총근로시간,시간,192.0
2011,07,파견/용역근로자,소정실근로시간,시간,181.9
2011,07,파견/용역근로자,초과근로시간,시간,10.1
2011,07,파견/용역근로자,휴일근로시간,시간,
2011,07,파견/용역근로자,시간당임금총액,원,7942.0
2011,07,파견/용역근로자,시간당정액급여,원,7727.0
2011,07,파견/용역근로자,월임금총액,천원,1418.0
2011,07,파견/용역근로자,월급여액,천원,1390.0
2011,07,파견/용역근로자,정액급여,천원,1301.0
2011,07,파견/용역근로자,초과급여,천원,89.0
2011,07,파견/용역근로자,전년도 연간특별급여/12개월,천원,29.0
2011,07,파견/용역근로자,전년도 연간특별급여,천원,343.0
2012,07,파견/용역근로자,총근로일수,일,20.1
2012,07,파견/용역근로자,총근로시간,시간,183.4
2012,07,파견/용역근로자,소정실근로시간,시간,176.3
2012,07,파견/용역근로자,초과근로시간,시간,7.2
2012,07,파견/용역근로자,휴일근로시간,시간,
2012,07,파견/용역근로자,시간당임금총액,원,8406.0
2012,07,파견/용역근로자,시간당정액급여,원,8166.0
2012,07,파견/용역근로자,월임금총액,천원,1465.0
2012,07,파견/용역근로자,월급여액,천원,1434.0
2012,07,파견/용역근로자,정액급여,천원,1367.0
2012,07,파견/용역근로자,초과급여,천원,67.0
2012,07,파견/용역근로자,전년도 연간특별급여/12개월,천원,31.0
2012,07,파견/용역근로자,전년도 연간특별급여,천원,375.0
2013,07,파견/용역근로자,총근로일수,일,19.6
2013,07,파견/용역근로자,총근로시간,시간,181.3
2013,07,파견/용역근로자,소정실근로시간,시간,172.1
2013,07,파견/용역근로자,초과근로시간,시간,9.2
2013,07,파견/용역근로자,휴일근로시간,시간,
2013,07,파견/용역근로자,시간당임금총액,원,9229.0
2013,07,파견/용역근로자,시간당정액급여,원,8913.0
2013,07,파견/용역근로자,월임금총액,천원,1573.0
2013,07,파견/용역근로자,월급여액,천원,1540.0
2013,07,파견/용역근로자,정액급여,천원,1448.0
2013,07,파견/용역근로자,초과급여,천원,92.0
2013,07,파견/용역근로자,전년도 연간특별급여/12개월,천원,32.0
2013,07,파견/용역근로자,전년도 연간특별급여,천원,387.0
2014,07,파견/용역근로자,총근로일수,일,19.8
2014,07,파견/용역근로자,총근로시간,시간,183.0
2014,07,파견/용역근로자,소정실근로시간,시간,173.1
2014,07,파견/용역근로자,초과근로시간,시간,9.9
2014,07,파견/용역근로자,휴일근로시간,시간,
2014,07,파견/용역근로자,시간당임금총액,원,9150.0
2014,07,파견/용역근로자,시간당정액급여,원,8871.0
2014,07,파견/용역근로자,월임금총액,천원,1539.0
2014,07,파견/용역근로자,월급여액,천원,1509.0
2014,07,파견/용역근로자,정액급여,천원,1404.0
2014,07,파견/용역근로자,초과급여,천원,105.0
2014,07,파견/용역근로자,전년도 연간특별급여/12개월,천원,30.0
2014,07,파견/용역근로자,전년도 연간특별급여,천원,355.0
2015,07,파견/용역근로자,총근로일수,일,20.8
2015,07,파견/용역근로자,총근로시간,시간,184.9
2015,07,파견/용역근로자,소정실근로시간,시간,180.8
2015,07,파견/용역근로자,초과근로시간,시간,4.1
2015,07,파견/용역근로자,휴일근로시간,시간,2.3
2015,07,파견/용역근로자,시간당임금총액,원,9053.0
2015,07,파견/용역근로자,시간당정액급여,원,8553.0
2015,07,파견/용역근로자,월임금총액,천원,1602.0
2015,07,파견/용역근로자,월급여액,천원,1575.0
2015,07,파견/용역근로자,정액급여,천원,1477.0
2015,07,파견/용역근로자,초과급여,천원,98.0
2015,07,파견/용역근로자,전년도 연간특별급여/12개월,천원,27.0
2015,07,파견/용역근로자,전년도 연간특별급여,천원,329.0
2016,07,파견/용역근로자,총근로일수,일,20.4
2016,07,파견/용역근로자,총근로시간,시간,185.5
2016,07,파견/용역근로자,소정실근로시간,시간,177.3
2016,07,파견/용역근로자,초과근로시간,시간,8.2
2016,07,파견/용역근로자,휴일근로시간,시간,2.3
2016,07,파견/용역근로자,시간당임금총액,원,9512.0
2016,07,파견/용역근로자,시간당정액급여,원,9236.0
2016,07,파견/용역근로자,월임금총액,천원,1703.0
2016,07,파견/용역근로자,월급여액,천원,1681.0
2016,07,파견/용역근로자,정액급여,천원,1576.0
2016,07,파견/용역근로자,초과급여,천원,106.0
2016,07,파견/용역근로자,전년도 연간특별급여/12개월,천원,22.0
2016,07,파견/용역근로자,전년도 연간특별급여,천원,265.0
2017,07,파견/용역근로자,총근로일수,일,20.6
2017,07,파견/용역근로자,총근로시간,시간,181.8
2017,07,파견/용역근로자,소정실근로시간,시간,175.4
2017,07,파견/용역근로자,초과근로시간,시간,6.4
2017,07,파견/용역근로자,휴일근로시간,시간,1.9
2017,07,파견/용역근로자,시간당임금총액,원,10708.0
2017,07,파견/용역근로자,시간당정액급여,원,10291.0
2017,07,파견/용역근로자,월임금총액,천원,1892.0
2017,07,파견/용역근로자,월급여액,천원,1847.0
2017,07,파견/용역근로자,정액급여,천원,1752.0
2017,07,파견/용역근로자,초과급여,천원,95.0
2017,07,파견/용역근로자,전년도 연간특별급여/12개월,천원,45.0
2017,07,파견/용역근로자,전년도 연간특별급여,천원,540.0
2018,07,파견/용역근로자,총근로일수,일,19.1
2018,07,파견/용역근로자,총근로시간,시간,165.4
2018,07,파견/용역근로자,소정실근로시간,시간,159.1
2018,07,파견/용역근로자,초과근로시간,시간,6.4
2018,07,파견/용역근로자,휴일근로시간,시간,2.5
2018,07,파견/용역근로자,시간당임금총액,원,12021.0
2018,07,파견/용역근로자,시간당정액급여,원,11580.0
2018,07,파견/용역근로자,월임금총액,천원,1908.0
2018,07,파견/용역근로자,월급여액,천원,1864.0
2018,07,파견/용역근로자,정액급여,천원,1757.0
2018,07,파견/용역근로자,초과급여,천원,107.0
2018,07,파견/용역근로자,전년도 연간특별급여/12개월,천원,44.0
2018,07,파견/용역근로자,전년도 연간특별급여,천원,522.0
2019,07,파견/용역근로자,총근로일수,일,19.0
2019,07,파견/용역근로자,총근로시간,시간,163.7
2019,07,파견/용역근로자,소정실근로시간,시간,157.4
2019,07,파견/용역근로자,초과근로시간,시간,6.3
2019,07,파견/용역근로자,휴일근로시간,시간,2.0
2019,07,파견/용역근로자,시간당임금총액,원,12809.0
2019,07,파견/용역근로자,시간당정액급여,원,12426.0
2019,07,파견/용역근로자,월임금총액,천원,2027.0
2019,07,파견/용역근로자,월급여액,천원,1994.0
2019,07,파견/용역근로자,정액급여,천원,1882.0
2019,07,파견/용역근로자,초과급여,천원,111.0
2019,07,파견/용역근로자,전년도 연간특별급여/12개월,천원,34.0
2019,07,파견/용역근로자,전년도 연간특별급여,천원,403.0
2020,07,파견/용역근로자,총근로일수,일,20.3
2020,07,파견/용역근로자,총근로시간,시간,173.5
2020,07,파견/용역근로자,소정실근로시간,시간,168.1
2020,07,파견/용역근로자,초과근로시간,시간,5.4
2020,07,파견/용역근로자,휴일근로시간,시간,1.3
2020,07,파견/용역근로자,시간당임금총액,원,12338.0
2020,07,파견/용역근로자,시간당정액급여,원,12003.0
2020,07,파견/용역근로자,월임금총액,천원,2085.0
2020,07,파견/용역근로자,월급여액,천원,2062.0
2020,07,파견/용역근로자,정액급여,천원,1959.0
2020,07,파견/용역근로자,초과급여,천원,102.0
2020,07,파견/용역근로자,전년도 연간특별급여/12개월,천원,24.0
2020,07,파견/용역근로자,전년도 연간특별급여,천원,285.0
2021,07,파견/용역근로자,총근로일수,일,20.4
2021,07,파견/용역근로자,총근로시간,시간,173.3
2021,07,파견/용역근로자,소정실근로시간,시간,168.0
2021,07,파견/용역근로자,초과근로시간,시간,5.3
2021,07,파견/용역근로자,휴일근로시간,시간,1.0
2021,07,파견/용역근로자,시간당임금총액,원,12421.0
2021,07,파견/용역근로자,시간당정액급여,원,12116.0
2021,07,파견/용역근로자,월임금총액,천원,2100.0
2021,07,파견/용역근로자,월급여액,천원,2079.0
2021,07,파견/용역근로자,정액급여,천원,1982.0
2021,07,파견/용역근로자,초과급여,천원,97.0
2021,07,파견/용역근로자,전년도 연간특별급여/12개월,천원,21.0
2021,07,파견/용역근로자,전년도 연간특별급여,천원,255.0
2022,07,파견/용역근로자,총근로일수,일,19.4
2022,07,파견/용역근로자,총근로시간,시간,167.1
2022,07,파견/용역근로자,소정실근로시간,시간,161.4
2022,07,파견/용역근로자,초과근로시간,시간,5.7
2022,07,파견/용역근로자,휴일근로시간,시간,1.1
2022,07,파견/용역근로자,시간당임금총액,원,13558.0
2022,07,파견/용역근로자,시간당정액급여,원,13197.0
2022,07,파견/용역근로자,월임금총액,천원,2203.0
2022,07,파견/용역근로자,월급여액,천원,2173.0
2022,07,파견/용역근로자,정액급여,천원,2063.0
2022,07,파견/용역근로자,초과급여,천원,109.0
2022,07,파견/용역근로자,전년도 연간특별급여/12개월,천원,30.0
2022,07,파견/용역근로자,전년도 연간특별급여,천원,360.0
2023,07,파견/용역근로자,총근로일수,일,19.8
2023,07,파견/용역근로자,총근로시간,시간,170.9
2023,07,파견/용역근로자,소정실근로시간,시간,166.7
2023,07,파견/용역근로자,초과근로시간,시간,4.2
2023,07,파견/용역근로자,휴일근로시간,시간,1.0
2023,07,파견/용역근로자,시간당임금총액,원,13952.0
2023,07,파견/용역근로자,시간당정액급여,원,13599.0
2023,07,파견/용역근로자,월임금총액,천원,2338.0
2023,07,파견/용역근로자,월급여액,천원,2310.0
2023,07,파견/용역근로자,정액급여,천원,2210.0
2023,07,파견/용역근로자,초과급여,천원,100.0
2023,07,파견/용역근로자,전년도 연간특별급여/12개월,천원,28.0
2023,07,파견/용역근로자,전년도 연간특별급여,천원,330.0
2024,07,파견/용역근로자,총근로일수,일,19.0
2024,07,파견/용역근로자,총근로시간,시간,164.4
2024,07,파견/용역근로자,소정실근로시간,시간,159.8
2024,07,파견/용역근로자,초과근로시간,시간,4.7
2024,07,파견/용역근로자,휴일근로시간,시간,1.3
2024,07,파견/용역근로자,시간당임금총액,원,15414.0
2024,07,파견/용역근로자,시간당정액급여,원,15184.0
2024,07,파견/용역근로자,월임금총액,천원,2427.0
2024,07,파견/용역근로자,월급여액,천원,2401.0
2024,07,파견/용역근로자,정액급여,천원,2287.0
2024,07,파견/용역근로자,초과급여,천원,113.0
2024,07,파견/용역근로자,전년도 연간특별급여/12개월,천원,27.0
2024,07,파견/용역근로자,전년도 연간특별급여,천원,322.0
2025,07,파견/용역근로자,총근로일수,일,19.0
2025,07,파견/용역근로자,총근로시간,시간,162.9
2025,07,파견/용역근로자,소정실근로시간,시간,158.2
2025,07,파견/용역근로자,초과근로시간,시간,4.7
2025,07,파견/용역근로자,휴일근로시간,시간,1.5
2025,07,파견/용역근로자,시간당임금총액,원,15701.0
2025,07,파견/용역근로자,시간당정액급여,원,15272.0
2025,07,파견/용역근로자,월임금총액,천원,2485.0
2025,07,파견/용역근로자,월급여액,천원,2457.0
2025,07,파견/용역근로자,정액급여,천원,2336.0
2025,07,파견/용역근로자,초과급여,천원,120.0
2025,07,파견/용역근로자,전년도 연간특별급여/12개월,천원,28.0
2025,07,파견/용역근로자,전년도 연간특별급여,천원,342.0
2007,08,일일근로자,총근로일수,일,19.7
2007,08,일일근로자,총근로시간,시간,160.6
2007,08,일일근로자,소정실근로시간,시간,158.0
2007,08,일일근로자,초과근로시간,시간,2.6
2007,08,일일근로자,휴일근로시간,시간,
2007,08,일일근로자,시간당임금총액,원,7968.0
2007,08,일일근로자,시간당정액급여,원,7972.0
2007,08,일일근로자,월임금총액,천원,1221.0
2007,08,일일근로자,월급여액,천원,1219.0
2007,08,일일근로자,정액급여,천원,1199.0
2007,08,일일근로자,초과급여,천원,19.0
2007,08,일일근로자,전년도 연간특별급여/12개월,천원,3.0
2007,08,일일근로자,전년도 연간특별급여,천원,31.0
2008,08,일일근로자,총근로일수,일,18.4
2008,08,일일근로자,총근로시간,시간,156.2
2008,08,일일근로자,소정실근로시간,시간,154.5
2008,08,일일근로자,초과근로시간,시간,1.7
2008,08,일일근로자,휴일근로시간,시간,
2008,08,일일근로자,시간당임금총액,원,8392.0
2008,08,일일근로자,시간당정액급여,원,8360.0
2008,08,일일근로자,월임금총액,천원,1271.0
2008,08,일일근로자,월급여액,천원,1268.0
2008,08,일일근로자,정액급여,천원,1249.0
2008,08,일일근로자,초과급여,천원,20.0
2008,08,일일근로자,전년도 연간특별급여/12개월,천원,3.0
2008,08,일일근로자,전년도 연간특별급여,천원,33.0
2009,08,일일근로자,총근로일수,일,18.6
2009,08,일일근로자,총근로시간,시간,157.0
2009,08,일일근로자,소정실근로시간,시간,156.0
2009,08,일일근로자,초과근로시간,시간,1.0
2009,08,일일근로자,휴일근로시간,시간,
2009,08,일일근로자,시간당임금총액,원,8243.0
2009,08,일일근로자,시간당정액급여,원,8193.0
2009,08,일일근로자,월임금총액,천원,1274.0
2009,08,일일근로자,월급여액,천원,1272.0
2009,08,일일근로자,정액급여,천원,1255.0
2009,08,일일근로자,초과급여,천원,17.0
2009,08,일일근로자,전년도 연간특별급여/12개월,천원,2.0
2009,08,일일근로자,전년도 연간특별급여,천원,24.0
2010,08,일일근로자,총근로일수,일,17.9
2010,08,일일근로자,총근로시간,시간,153.1
2010,08,일일근로자,소정실근로시간,시간,151.6
2010,08,일일근로자,초과근로시간,시간,1.5
2010,08,일일근로자,휴일근로시간,시간,
2010,08,일일근로자,시간당임금총액,원,8598.0
2010,08,일일근로자,시간당정액급여,원,8585.0
2010,08,일일근로자,월임금총액,천원,1256.0
2010,08,일일근로자,월급여액,천원,1255.0
2010,08,일일근로자,정액급여,천원,1238.0
2010,08,일일근로자,초과급여,천원,17.0
2010,08,일일근로자,전년도 연간특별급여/12개월,천원,1.0
2010,08,일일근로자,전년도 연간특별급여,천원,12.0
2011,08,일일근로자,총근로일수,일,16.7
2011,08,일일근로자,총근로시간,시간,139.0
2011,08,일일근로자,소정실근로시간,시간,137.2
2011,08,일일근로자,초과근로시간,시간,1.7
2011,08,일일근로자,휴일근로시간,시간,
2011,08,일일근로자,시간당임금총액,원,10110.0
2011,08,일일근로자,시간당정액급여,원,10088.0
2011,08,일일근로자,월임금총액,천원,1355.0
2011,08,일일근로자,월급여액,천원,1355.0
2011,08,일일근로자,정액급여,천원,1332.0
2011,08,일일근로자,초과급여,천원,23.0
2011,08,일일근로자,전년도 연간특별급여/12개월,천원,1.0
2011,08,일일근로자,전년도 연간특별급여,천원,11.0
2012,08,일일근로자,총근로일수,일,14.8
2012,08,일일근로자,총근로시간,시간,117.7
2012,08,일일근로자,소정실근로시간,시간,116.9
2012,08,일일근로자,초과근로시간,시간,0.8
2012,08,일일근로자,휴일근로시간,시간,
2012,08,일일근로자,시간당임금총액,원,12047.0
2012,08,일일근로자,시간당정액급여,원,12020.0
2012,08,일일근로자,월임금총액,천원,1376.0
2012,08,일일근로자,월급여액,천원,1375.0
2012,08,일일근로자,정액급여,천원,1364.0
2012,08,일일근로자,초과급여,천원,11.0
2012,08,일일근로자,전년도 연간특별급여/12개월,천원,1.0
2012,08,일일근로자,전년도 연간특별급여,천원,8.0
2013,08,일일근로자,총근로일수,일,14.7
2013,08,일일근로자,총근로시간,시간,116.1
2013,08,일일근로자,소정실근로시간,시간,114.6
2013,08,일일근로자,초과근로시간,시간,1.5
2013,08,일일근로자,휴일근로시간,시간,
2013,08,일일근로자,시간당임금총액,원,12765.0
2013,08,일일근로자,시간당정액급여,원,12770.0
2013,08,일일근로자,월임금총액,천원,1460.0
2013,08,일일근로자,월급여액,천원,1459.0
2013,08,일일근로자,정액급여,천원,1436.0
2013,08,일일근로자,초과급여,천원,23.0
2013,08,일일근로자,전년도 연간특별급여/12개월,천원,0.0
2013,08,일일근로자,전년도 연간특별급여,천원,4.0
2014,08,일일근로자,총근로일수,일,13.0
2014,08,일일근로자,총근로시간,시간,101.1
2014,08,일일근로자,소정실근로시간,시간,99.7
2014,08,일일근로자,초과근로시간,시간,1.4
2014,08,일일근로자,휴일근로시간,시간,
2014,08,일일근로자,시간당임금총액,원,12589.0
2014,08,일일근로자,시간당정액급여,원,12535.0
2014,08,일일근로자,월임금총액,천원,1213.0
2014,08,일일근로자,월급여액,천원,1212.0
2014,08,일일근로자,정액급여,천원,1185.0
2014,08,일일근로자,초과급여,천원,28.0
2014,08,일일근로자,전년도 연간특별급여/12개월,천원,0.0
2014,08,일일근로자,전년도 연간특별급여,천원,5.0
2015,08,일일근로자,총근로일수,일,12.8
2015,08,일일근로자,총근로시간,시간,100.3
2015,08,일일근로자,소정실근로시간,시간,99.5
2015,08,일일근로자,초과근로시간,시간,0.9
2015,08,일일근로자,휴일근로시간,시간,0.4
2015,08,일일근로자,시간당임금총액,원,13158.0
2015,08,일일근로자,시간당정액급여,원,13069.0
2015,08,일일근로자,월임금총액,천원,1297.0
2015,08,일일근로자,월급여액,천원,1297.0
2015,08,일일근로자,정액급여,천원,1277.0
2015,08,일일근로자,초과급여,천원,20.0
2015,08,일일근로자,전년도 연간특별급여/12개월,천원,0.0
2015,08,일일근로자,전년도 연간특별급여,천원,3.0
2016,08,일일근로자,총근로일수,일,12.3
2016,08,일일근로자,총근로시간,시간,97.1
2016,08,일일근로자,소정실근로시간,시간,95.8
2016,08,일일근로자,초과근로시간,시간,1.2
2016,08,일일근로자,휴일근로시간,시간,0.5
2016,08,일일근로자,시간당임금총액,원,14905.0
2016,08,일일근로자,시간당정액급여,원,14690.0
2016,08,일일근로자,월임금총액,천원,1418.0
2016,08,일일근로자,월급여액,천원,1418.0
2016,08,일일근로자,정액급여,천원,1383.0
2016,08,일일근로자,초과급여,천원,35.0
2016,08,일일근로자,전년도 연간특별급여/12개월,천원,0.0
2016,08,일일근로자,전년도 연간특별급여,천원,3.0
2017,08,일일근로자,총근로일수,일,12.1
2017,08,일일근로자,총근로시간,시간,93.9
2017,08,일일근로자,소정실근로시간,시간,93.0
2017,08,일일근로자,초과근로시간,시간,1.0
2017,08,일일근로자,휴일근로시간,시간,0.4
2017,08,일일근로자,시간당임금총액,원,15804.0
2017,08,일일근로자,시간당정액급여,원,15769.0
2017,08,일일근로자,월임금총액,천원,1452.0
2017,08,일일근로자,월급여액,천원,1452.0
2017,08,일일근로자,정액급여,천원,1434.0
2017,08,일일근로자,초과급여,천원,17.0
2017,08,일일근로자,전년도 연간특별급여/12개월,천원,0.0
2017,08,일일근로자,전년도 연간특별급여,천원,3.0
2018,08,일일근로자,총근로일수,일,11.6
2018,08,일일근로자,총근로시간,시간,90.8
2018,08,일일근로자,소정실근로시간,시간,90.4
2018,08,일일근로자,초과근로시간,시간,0.5
2018,08,일일근로자,휴일근로시간,시간,0.2
2018,08,일일근로자,시간당임금총액,원,17180.0
2018,08,일일근로자,시간당정액급여,원,17157.0
2018,08,일일근로자,월임금총액,천원,1562.0
2018,08,일일근로자,월급여액,천원,1562.0
2018,08,일일근로자,정액급여,천원,1551.0
2018,08,일일근로자,초과급여,천원,11.0
2018,08,일일근로자,전년도 연간특별급여/12개월,천원,0.0
2018,08,일일근로자,전년도 연간특별급여,천원,0.0
2019,08,일일근로자,총근로일수,일,11.0
2019,08,일일근로자,총근로시간,시간,85.0
2019,08,일일근로자,소정실근로시간,시간,84.7
2019,08,일일근로자,초과근로시간,시간,0.3
2019,08,일일근로자,휴일근로시간,시간,0.2
2019,08,일일근로자,시간당임금총액,원,18297.0
2019,08,일일근로자,시간당정액급여,원,18299.0
2019,08,일일근로자,월임금총액,천원,1569.0
2019,08,일일근로자,월급여액,천원,1569.0
2019,08,일일근로자,정액급여,천원,1564.0
2019,08,일일근로자,초과급여,천원,5.0
2019,08,일일근로자,전년도 연간특별급여/12개월,천원,0.0
2019,08,일일근로자,전년도 연간특별급여,천원,0.0
2020,08,일일근로자,총근로일수,일,10.5
2020,08,일일근로자,총근로시간,시간,79.6
2020,08,일일근로자,소정실근로시간,시간,79.3
2020,08,일일근로자,초과근로시간,시간,0.3
2020,08,일일근로자,휴일근로시간,시간,0.2
2020,08,일일근로자,시간당임금총액,원,18499.0
2020,08,일일근로자,시간당정액급여,원,18507.0
2020,08,일일근로자,월임금총액,천원,1487.0
2020,08,일일근로자,월급여액,천원,1487.0
2020,08,일일근로자,정액급여,천원,1481.0
2020,08,일일근로자,초과급여,천원,6.0
2020,08,일일근로자,전년도 연간특별급여/12개월,천원,0.0
2020,08,일일근로자,전년도 연간특별급여,천원,0.0
2021,08,일일근로자,총근로일수,일,10.5
2021,08,일일근로자,총근로시간,시간,80.2
2021,08,일일근로자,소정실근로시간,시간,79.9
2021,08,일일근로자,초과근로시간,시간,0.3
2021,08,일일근로자,휴일근로시간,시간,0.1
2021,08,일일근로자,시간당임금총액,원,19283.0
2021,08,일일근로자,시간당정액급여,원,19259.0
2021,08,일일근로자,월임금총액,천원,1566.0
2021,08,일일근로자,월급여액,천원,1566.0
2021,08,일일근로자,정액급여,천원,1560.0
2021,08,일일근로자,초과급여,천원,6.0
2021,08,일일근로자,전년도 연간특별급여/12개월,천원,0.0
2021,08,일일근로자,전년도 연간특별급여,천원,0.0
2022,08,일일근로자,총근로일수,일,10.4
2022,08,일일근로자,총근로시간,시간,79.9
2022,08,일일근로자,소정실근로시간,시간,79.3
2022,08,일일근로자,초과근로시간,시간,0.6
2022,08,일일근로자,휴일근로시간,시간,0.1
2022,08,일일근로자,시간당임금총액,원,21416.0
2022,08,일일근로자,시간당정액급여,원,21382.0
2022,08,일일근로자,월임금총액,천원,1720.0
2022,08,일일근로자,월급여액,천원,1720.0
2022,08,일일근로자,정액급여,천원,1702.0
2022,08,일일근로자,초과급여,천원,18.0
2022,08,일일근로자,전년도 연간특별급여/12개월,천원,0.0
2022,08,일일근로자,전년도 연간특별급여,천원,0.0
2023,08,일일근로자,총근로일수,일,10.5
2023,08,일일근로자,총근로시간,시간,80.0
2023,08,일일근로자,소정실근로시간,시간,79.6
2023,08,일일근로자,초과근로시간,시간,0.5
2023,08,일일근로자,휴일근로시간,시간,0.2
2023,08,일일근로자,시간당임금총액,원,21907.0
2023,08,일일근로자,시간당정액급여,원,21875.0
2023,08,일일근로자,월임금총액,천원,1771.0
2023,08,일일근로자,월급여액,천원,1771.0
2023,08,일일근로자,정액급여,천원,1755.0
2023,08,일일근로자,초과급여,천원,15.0
2023,08,일일근로자,전년도 연간특별급여/12개월,천원,0.0
2023,08,일일근로자,전년도 연간특별급여,천원,0.0
2024,08,일일근로자,총근로일수,일,10.3
2024,08,일일근로자,총근로시간,시간,79.0
2024,08,일일근로자,소정실근로시간,시간,78.4
2024,08,일일근로자,초과근로시간,시간,0.6
2024,08,일일근로자,휴일근로시간,시간,0.2
2024,08,일일근로자,시간당임금총액,원,23292.0
2024,08,일일근로자,시간당정액급여,원,23260.0
2024,08,일일근로자,월임금총액,천원,1873.0
2024,08,일일근로자,월급여액,천원,1873.0
2024,08,일일근로자,정액급여,천원,1856.0
2024,08,일일근로자,초과급여,천원,17.0
2024,08,일일근로자,전년도 연간특별급여/12개월,천원,0.0
2024,08,일일근로자,전년도 연간특별급여,천원,0.0
2025,08,일일근로자,총근로일수,일,10.5
2025,08,일일근로자,총근로시간,시간,81.0
2025,08,일일근로자,소정실근로시간,시간,80.4
2025,08,일일근로자,초과근로시간,시간,0.6
2025,08,일일근로자,휴일근로시간,시간,0.2
2025,08,일일근로자,시간당임금총액,원,23490.0
2025,08,일일근로자,시간당정액급여,원,23420.0
2025,08,일일근로자,월임금총액,천원,1914.0
2025,08,일일근로자,월급여액,천원,1914.0
2025,08,일일근로자,정액급여,천원,1896.0
2025,08,일일근로자,초과급여,천원,18.0
2025,08,일일근로자,전년도 연간특별급여/12개월,천원,0.0
2025,08,일일근로자,전년도 연간특별급여,천원,0.0
2007,09,단시간근로자,총근로일수,일,20.0
2007,09,단시간근로자,총근로시간,시간,127.3
2007,09,단시간근로자,소정실근로시간,시간,125.5
2007,09,단시간근로자,초과근로시간,시간,1.7
2007,09,단시간근로자,휴일근로시간,시간,
2007,09,단시간근로자,시간당임금총액,원,6277.0
2007,09,단시간근로자,시간당정액급여,원,6232.0
2007,09,단시간근로자,월임금총액,천원,623.0
2007,09,단시간근로자,월급여액,천원,616.0
2007,09,단시간근로자,정액급여,천원,607.0
2007,09,단시간근로자,초과급여,천원,9.0
2007,09,단시간근로자,전년도 연간특별급여/12개월,천원,7.0
2007,09,단시간근로자,전년도 연간특별급여,천원,85.0
2008,09,단시간근로자,총근로일수,일,18.5
2008,09,단시간근로자,총근로시간,시간,121.6
2008,09,단시간근로자,소정실근로시간,시간,120.6
2008,09,단시간근로자,초과근로시간,시간,1.0
2008,09,단시간근로자,휴일근로시간,시간,
2008,09,단시간근로자,시간당임금총액,원,6627.0
2008,09,단시간근로자,시간당정액급여,원,6549.0
2008,09,단시간근로자,월임금총액,천원,649.0
2008,09,단시간근로자,월급여액,천원,643.0
2008,09,단시간근로자,정액급여,천원,634.0
2008,09,단시간근로자,초과급여,천원,9.0
2008,09,단시간근로자,전년도 연간특별급여/12개월,천원,6.0
2008,09,단시간근로자,전년도 연간특별급여,천원,74.0
2009,09,단시간근로자,총근로일수,일,19.6
2009,09,단시간근로자,총근로시간,시간,124.4
2009,09,단시간근로자,소정실근로시간,시간,123.3
2009,09,단시간근로자,초과근로시간,시간,1.1
2009,09,단시간근로자,휴일근로시간,시간,
2009,09,단시간근로자,시간당임금총액,원,6473.0
2009,09,단시간근로자,시간당정액급여,원,6422.0
2009,09,단시간근로자,월임금총액,천원,650.0
2009,09,단시간근로자,월급여액,천원,645.0
2009,09,단시간근로자,정액급여,천원,638.0
2009,09,단시간근로자,초과급여,천원,7.0
2009,09,단시간근로자,전년도 연간특별급여/12개월,천원,5.0
2009,09,단시간근로자,전년도 연간특별급여,천원,60.0
2010,09,단시간근로자,총근로일수,일,19.3
2010,09,단시간근로자,총근로시간,시간,122.6
2010,09,단시간근로자,소정실근로시간,시간,121.6
2010,09,단시간근로자,초과근로시간,시간,1.0
2010,09,단시간근로자,휴일근로시간,시간,
2010,09,단시간근로자,시간당임금총액,원,7052.0
2010,09,단시간근로자,시간당정액급여,원,7007.0
2010,09,단시간근로자,월임금총액,천원,657.0
2010,09,단시간근로자,월급여액,천원,653.0
2010,09,단시간근로자,정액급여,천원,645.0
2010,09,단시간근로자,초과급여,천원,7.0
2010,09,단시간근로자,전년도 연간특별급여/12개월,천원,4.0
2010,09,단시간근로자,전년도 연간특별급여,천원,53.0
2011,09,단시간근로자,총근로일수,일,18.2
2011,09,단시간근로자,총근로시간,시간,111.0
2011,09,단시간근로자,소정실근로시간,시간,110.0
2011,09,단시간근로자,초과근로시간,시간,1.0
2011,09,단시간근로자,휴일근로시간,시간,
2011,09,단시간근로자,시간당임금총액,원,8245.0
2011,09,단시간근로자,시간당정액급여,원,8201.0
2011,09,단시간근로자,월임금총액,천원,681.0
2011,09,단시간근로자,월급여액,천원,677.0
2011,09,단시간근로자,정액급여,천원,669.0
2011,09,단시간근로자,초과급여,천원,8.0
2011,09,단시간근로자,전년도 연간특별급여/12개월,천원,4.0
2011,09,단시간근로자,전년도 연간특별급여,천원,51.0
2012,09,단시간근로자,총근로일수,일,17.4
2012,09,단시간근로자,총근로시간,시간,90.9
2012,09,단시간근로자,소정실근로시간,시간,89.9
2012,09,단시간근로자,초과근로시간,시간,1.1
2012,09,단시간근로자,휴일근로시간,시간,
2012,09,단시간근로자,시간당임금총액,원,9521.0
2012,09,단시간근로자,시간당정액급여,원,9476.0
2012,09,단시간근로자,월임금총액,천원,697.0
2012,09,단시간근로자,월급여액,천원,692.0
2012,09,단시간근로자,정액급여,천원,683.0
2012,09,단시간근로자,초과급여,천원,9.0
2012,09,단시간근로자,전년도 연간특별급여/12개월,천원,5.0
2012,09,단시간근로자,전년도 연간특별급여,천원,56.0
2013,09,단시간근로자,총근로일수,일,16.8
2013,09,단시간근로자,총근로시간,시간,81.7
2013,09,단시간근로자,소정실근로시간,시간,80.5
2013,09,단시간근로자,초과근로시간,시간,1.1
2013,09,단시간근로자,휴일근로시간,시간,
2013,09,단시간근로자,시간당임금총액,원,10802.0
2013,09,단시간근로자,시간당정액급여,원,10743.0
2013,09,단시간근로자,월임금총액,천원,714.0
2013,09,단시간근로자,월급여액,천원,707.0
2013,09,단시간근로자,정액급여,천원,699.0
2013,09,단시간근로자,초과급여,천원,8.0
2013,09,단시간근로자,전년도 연간특별급여/12개월,천원,7.0
2013,09,단시간근로자,전년도 연간특별급여,천원,81.0
2014,09,단시간근로자,총근로일수,일,16.3
2014,09,단시간근로자,총근로시간,시간,76.8
2014,09,단시간근로자,소정실근로시간,시간,75.8
2014,09,단시간근로자,초과근로시간,시간,1.0
2014,09,단시간근로자,휴일근로시간,시간,
2014,09,단시간근로자,시간당임금총액,원,11603.0
2014,09,단시간근로자,시간당정액급여,원,11526.0
2014,09,단시간근로자,월임금총액,천원,698.0
2014,09,단시간근로자,월급여액,천원,692.0
2014,09,단시간근로자,정액급여,천원,683.0
2014,09,단시간근로자,초과급여,천원,9.0
2014,09,단시간근로자,전년도 연간특별급여/12개월,천원,5.0
2014,09,단시간근로자,전년도 연간특별급여,천원,66.0
2015,09,단시간근로자,총근로일수,일,17.4
2015,09,단시간근로자,총근로시간,시간,83.9
2015,09,단시간근로자,소정실근로시간,시간,83.5
2015,09,단시간근로자,초과근로시간,시간,0.4
2015,09,단시간근로자,휴일근로시간,시간,0.2
2015,09,단시간근로자,시간당임금총액,원,11524.0
2015,09,단시간근로자,시간당정액급여,원,11391.0
2015,09,단시간근로자,월임금총액,천원,747.0
2015,09,단시간근로자,월급여액,천원,740.0
2015,09,단시간근로자,정액급여,천원,731.0
2015,09,단시간근로자,초과급여,천원,9.0
2015,09,단시간근로자,전년도 연간특별급여/12개월,천원,7.0
2015,09,단시간근로자,전년도 연간특별급여,천원,86.0
2016,09,단시간근로자,총근로일수,일,17.2
2016,09,단시간근로자,총근로시간,시간,82.6
2016,09,단시간근로자,소정실근로시간,시간,81.5
2016,09,단시간근로자,초과근로시간,시간,1.0
2016,09,단시간근로자,휴일근로시간,시간,0.3
2016,09,단시간근로자,시간당임금총액,원,11270.0
2016,09,단시간근로자,시간당정액급여,원,11159.0
2016,09,단시간근로자,월임금총액,천원,759.0
2016,09,단시간근로자,월급여액,천원,748.0
2016,09,단시간근로자,정액급여,천원,739.0
2016,09,단시간근로자,초과급여,천원,10.0
2016,09,단시간근로자,전년도 연간특별급여/12개월,천원,11.0
2016,09,단시간근로자,전년도 연간특별급여,천원,128.0
2017,09,단시간근로자,총근로일수,일,17.2
2017,09,단시간근로자,총근로시간,시간,82.1
2017,09,단시간근로자,소정실근로시간,시간,81.0
2017,09,단시간근로자,초과근로시간,시간,1.1
2017,09,단시간근로자,휴일근로시간,시간,0.3
2017,09,단시간근로자,시간당임금총액,원,12242.0
2017,09,단시간근로자,시간당정액급여,원,12148.0
2017,09,단시간근로자,월임금총액,천원,812.0
2017,09,단시간근로자,월급여액,천원,803.0
2017,09,단시간근로자,정액급여,천원,792.0
2017,09,단시간근로자,초과급여,천원,11.0
2017,09,단시간근로자,전년도 연간특별급여/12개월,천원,9.0
2017,09,단시간근로자,전년도 연간특별급여,천원,106.0
2018,09,단시간근로자,총근로일수,일,16.8
2018,09,단시간근로자,총근로시간,시간,79.2
2018,09,단시간근로자,소정실근로시간,시간,78.3
2018,09,단시간근로자,초과근로시간,시간,0.9
2018,09,단시간근로자,휴일근로시간,시간,0.4
2018,09,단시간근로자,시간당임금총액,원,13402.0
2018,09,단시간근로자,시간당정액급여,원,13241.0
2018,09,단시간근로자,월임금총액,천원,898.0
2018,09,단시간근로자,월급여액,천원,886.0
2018,09,단시간근로자,정액급여,천원,874.0
2018,09,단시간근로자,초과급여,천원,12.0
2018,09,단시간근로자,전년도 연간특별급여/12개월,천원,12.0
2018,09,단시간근로자,전년도 연간특별급여,천원,144.0
2019,09,단시간근로자,총근로일수,일,16.3
2019,09,단시간근로자,총근로시간,시간,76.0
2019,09,단시간근로자,소정실근로시간,시간,75.2
2019,09,단시간근로자,초과근로시간,시간,0.8
2019,09,단시간근로자,휴일근로시간,시간,0.2
2019,09,단시간근로자,시간당임금총액,원,14423.0
2019,09,단시간근로자,시간당정액급여,원,14306.0
2019,09,단시간근로자,월임금총액,천원,939.0
2019,09,단시간근로자,월급여액,천원,929.0
2019,09,단시간근로자,정액급여,천원,919.0
2019,09,단시간근로자,초과급여,천원,10.0
2019,09,단시간근로자,전년도 연간특별급여/12개월,천원,10.0
2019,09,단시간근로자,전년도 연간특별급여,천원,119.0
2020,09,단시간근로자,총근로일수,일,17.5
2020,09,단시간근로자,총근로시간,시간,79.4
2020,09,단시간근로자,소정실근로시간,시간,78.7
2020,09,단시간근로자,초과근로시간,시간,0.8
2020,09,단시간근로자,휴일근로시간,시간,0.2
2020,09,단시간근로자,시간당임금총액,원,13594.0
2020,09,단시간근로자,시간당정액급여,원,13479.0
2020,09,단시간근로자,월임금총액,천원,952.0
2020,09,단시간근로자,월급여액,천원,943.0
2020,09,단시간근로자,정액급여,천원,932.0
2020,09,단시간근로자,초과급여,천원,11.0
2020,09,단시간근로자,전년도 연간특별급여/12개월,천원,9.0
2020,09,단시간근로자,전년도 연간특별급여,천원,107.0
2021,09,단시간근로자,총근로일수,일,17.6
2021,09,단시간근로자,총근로시간,시간,78.6
2021,09,단시간근로자,소정실근로시간,시간,77.8
2021,09,단시간근로자,초과근로시간,시간,0.8
2021,09,단시간근로자,휴일근로시간,시간,0.2
2021,09,단시간근로자,시간당임금총액,원,14220.0
2021,09,단시간근로자,시간당정액급여,원,14112.0
2021,09,단시간근로자,월임금총액,천원,962.0
2021,09,단시간근로자,월급여액,천원,953.0
2021,09,단시간근로자,정액급여,천원,942.0
2021,09,단시간근로자,초과급여,천원,12.0
2021,09,단시간근로자,전년도 연간특별급여/12개월,천원,9.0
2021,09,단시간근로자,전년도 연간특별급여,천원,105.0
2022,09,단시간근로자,총근로일수,일,16.9
2022,09,단시간근로자,총근로시간,시간,76.1
2022,09,단시간근로자,소정실근로시간,시간,75.0
2022,09,단시간근로자,초과근로시간,시간,1.1
2022,09,단시간근로자,휴일근로시간,시간,0.4
2022,09,단시간근로자,시간당임금총액,원,15515.0
2022,09,단시간근로자,시간당정액급여,원,15353.0
2022,09,단시간근로자,월임금총액,천원,1027.0
2022,09,단시간근로자,월급여액,천원,1017.0
2022,09,단시간근로자,정액급여,천원,999.0
2022,09,단시간근로자,초과급여,천원,18.0
2022,09,단시간근로자,전년도 연간특별급여/12개월,천원,10.0
2022,09,단시간근로자,전년도 연간특별급여,천원,126.0
2023,09,단시간근로자,총근로일수,일,17.2
2023,09,단시간근로자,총근로시간,시간,74.0
2023,09,단시간근로자,소정실근로시간,시간,73.1
2023,09,단시간근로자,초과근로시간,시간,0.9
2023,09,단시간근로자,휴일근로시간,시간,0.4
2023,09,단시간근로자,시간당임금총액,원,15741.0
2023,09,단시간근로자,시간당정액급여,원,15622.0
2023,09,단시간근로자,월임금총액,천원,1049.0
2023,09,단시간근로자,월급여액,천원,1040.0
2023,09,단시간근로자,정액급여,천원,1025.0
2023,09,단시간근로자,초과급여,천원,14.0
2023,09,단시간근로자,전년도 연간특별급여/12개월,천원,10.0
2023,09,단시간근로자,전년도 연간특별급여,천원,117.0
2024,09,단시간근로자,총근로일수,일,16.5
2024,09,단시간근로자,총근로시간,시간,71.9
2024,09,단시간근로자,소정실근로시간,시간,70.8
2024,09,단시간근로자,초과근로시간,시간,1.1
2024,09,단시간근로자,휴일근로시간,시간,0.4
2024,09,단시간근로자,시간당임금총액,원,15883.0
2024,09,단시간근로자,시간당정액급여,원,15754.0
2024,09,단시간근로자,월임금총액,천원,1053.0
2024,09,단시간근로자,월급여액,천원,1044.0
2024,09,단시간근로자,정액급여,천원,1027.0
2024,09,단시간근로자,초과급여,천원,16.0
2024,09,단시간근로자,전년도 연간특별급여/12개월,천원,10.0
2024,09,단시간근로자,전년도 연간특별급여,천원,116.0
2025,09,단시간근로자,총근로일수,일,16.6
2025,09,단시간근로자,총근로시간,시간,71.3
2025,09,단시간근로자,소정실근로시간,시간,70.1
2025,09,단시간근로자,초과근로시간,시간,1.2
2025,09,단시간근로자,휴일근로시간,시간,0.5
2025,09,단시간근로자,시간당임금총액,원,16256.0
2025,09,단시간근로자,시간당정액급여,원,16127.0
2025,09,단시간근로자,월임금총액,천원,1080.0
2025,09,단시간근로자,월급여액,천원,1069.0
2025,09,단시간근로자,정액급여,천원,1052.0
2025,09,단시간근로자,초과급여,천원,18.0
2025,09,단시간근로자,전년도 연간특별급여/12개월,천원,10.0
2025,09,단시간근로자,전년도 연간특별급여,천원,126.0
2007,10,기간제근로자,총근로일수,일,21.7
2007,10,기간제근로자,총근로시간,시간,193.6
2007,10,기간제근로자,소정실근로시간,시간,182.2
2007,10,기간제근로자,초과근로시간,시간,11.3
2007,10,기간제근로자,휴일근로시간,시간,
2007,10,기간제근로자,시간당임금총액,원,8586.0
2007,10,기간제근로자,시간당정액급여,원,8132.0
2007,10,기간제근로자,월임금총액,천원,1518.0
2007,10,기간제근로자,월급여액,천원,1425.0
2007,10,기간제근로자,정액급여,천원,1362.0
2007,10,기간제근로자,초과급여,천원,63.0
2007,10,기간제근로자,전년도 연간특별급여/12개월,천원,93.0
2007,10,기간제근로자,전년도 연간특별급여,천원,1120.0
2008,10,기간제근로자,총근로일수,일,21.2
2008,10,기간제근로자,총근로시간,시간,186.1
2008,10,기간제근로자,소정실근로시간,시간,174.9
2008,10,기간제근로자,초과근로시간,시간,11.2
2008,10,기간제근로자,휴일근로시간,시간,
2008,10,기간제근로자,시간당임금총액,원,9230.0
2008,10,기간제근로자,시간당정액급여,원,8747.0
2008,10,기간제근로자,월임금총액,천원,1594.0
2008,10,기간제근로자,월급여액,천원,1499.0
2008,10,기간제근로자,정액급여,천원,1432.0
2008,10,기간제근로자,초과급여,천원,66.0
2008,10,기간제근로자,전년도 연간특별급여/12개월,천원,96.0
2008,10,기간제근로자,전년도 연간특별급여,천원,1146.0
2009,10,기간제근로자,총근로일수,일,22.2
2009,10,기간제근로자,총근로시간,시간,189.3
2009,10,기간제근로자,소정실근로시간,시간,181.0
2009,10,기간제근로자,초과근로시간,시간,8.4
2009,10,기간제근로자,휴일근로시간,시간,
2009,10,기간제근로자,시간당임금총액,원,8923.0
2009,10,기간제근로자,시간당정액급여,원,8408.0
2009,10,기간제근로자,월임금총액,천원,1597.0
2009,10,기간제근로자,월급여액,천원,1511.0
2009,10,기간제근로자,정액급여,천원,1446.0
2009,10,기간제근로자,초과급여,천원,65.0
2009,10,기간제근로자,전년도 연간특별급여/12개월,천원,86.0
2009,10,기간제근로자,전년도 연간특별급여,천원,1035.0
2010,10,기간제근로자,총근로일수,일,21.9
2010,10,기간제근로자,총근로시간,시간,183.3
2010,10,기간제근로자,소정실근로시간,시간,174.7
2010,10,기간제근로자,초과근로시간,시간,8.7
2010,10,기간제근로자,휴일근로시간,시간,
2010,10,기간제근로자,시간당임금총액,원,9878.0
2010,10,기간제근로자,시간당정액급여,원,9378.0
2010,10,기간제근로자,월임금총액,천원,1664.0
2010,10,기간제근로자,월급여액,천원,1585.0
2010,10,기간제근로자,정액급여,천원,1510.0
2010,10,기간제근로자,초과급여,천원,75.0
2010,10,기간제근로자,전년도 연간특별급여/12개월,천원,79.0
2010,10,기간제근로자,전년도 연간특별급여,천원,944.0
2011,10,기간제근로자,총근로일수,일,21.6
2011,10,기간제근로자,총근로시간,시간,182.7
2011,10,기간제근로자,소정실근로시간,시간,169.9
2011,10,기간제근로자,초과근로시간,시간,12.8
2011,10,기간제근로자,휴일근로시간,시간,
2011,10,기간제근로자,시간당임금총액,원,10604.0
2011,10,기간제근로자,시간당정액급여,원,10019.0
2011,10,기간제근로자,월임금총액,천원,1778.0
2011,10,기간제근로자,월급여액,천원,1690.0
2011,10,기간제근로자,정액급여,천원,1576.0
2011,10,기간제근로자,초과급여,천원,114.0
2011,10,기간제근로자,전년도 연간특별급여/12개월,천원,88.0
2011,10,기간제근로자,전년도 연간특별급여,천원,1060.0
2012,10,기간제근로자,총근로일수,일,20.9
2012,10,기간제근로자,총근로시간,시간,176.9
2012,10,기간제근로자,소정실근로시간,시간,162.5
2012,10,기간제근로자,초과근로시간,시간,14.4
2012,10,기간제근로자,휴일근로시간,시간,
2012,10,기간제근로자,시간당임금총액,원,11076.0
2012,10,기간제근로자,시간당정액급여,원,10496.0
2012,10,기간제근로자,월임금총액,천원,1811.0
2012,10,기간제근로자,월급여액,천원,1732.0
2012,10,기간제근로자,정액급여,천원,1597.0
2012,10,기간제근로자,초과급여,천원,135.0
2012,10,기간제근로자,전년도 연간특별급여/12개월,천원,79.0
2012,10,기간제근로자,전년도 연간특별급여,천원,951.0
2013,10,기간제근로자,총근로일수,일,20.5
2013,10,기간제근로자,총근로시간,시간,175.3
2013,10,기간제근로자,소정실근로시간,시간,160.3
2013,10,기간제근로자,초과근로시간,시간,15.0
2013,10,기간제근로자,휴일근로시간,시간,
2013,10,기간제근로자,시간당임금총액,원,12015.0
2013,10,기간제근로자,시간당정액급여,원,11325.0
2013,10,기간제근로자,월임금총액,천원,1996.0
2013,10,기간제근로자,월급여액,천원,1900.0
2013,10,기간제근로자,정액급여,천원,1750.0
2013,10,기간제근로자,초과급여,천원,150.0
2013,10,기간제근로자,전년도 연간특별급여/12개월,천원,96.0
2013,10,기간제근로자,전년도 연간특별급여,천원,1156.0
2014,10,기간제근로자,총근로일수,일,20.5
2014,10,기간제근로자,총근로시간,시간,178.0
2014,10,기간제근로자,소정실근로시간,시간,162.0
2014,10,기간제근로자,초과근로시간,시간,16.1
2014,10,기간제근로자,휴일근로시간,시간,
2014,10,기간제근로자,시간당임금총액,원,11872.0
2014,10,기간제근로자,시간당정액급여,원,11230.0
2014,10,기간제근로자,월임금총액,천원,2026.0
2014,10,기간제근로자,월급여액,천원,1938.0
2014,10,기간제근로자,정액급여,천원,1770.0
2014,10,기간제근로자,초과급여,천원,168.0
2014,10,기간제근로자,전년도 연간특별급여/12개월,천원,88.0
2014,10,기간제근로자,전년도 연간특별급여,천원,1055.0
2015,10,기간제근로자,총근로일수,일,22.0
2015,10,기간제근로자,총근로시간,시간,184.9
2015,10,기간제근로자,소정실근로시간,시간,175.3
2015,10,기간제근로자,초과근로시간,시간,9.6
2015,10,기간제근로자,휴일근로시간,시간,4.3
2015,10,기간제근로자,시간당임금총액,원,11575.0
2015,10,기간제근로자,시간당정액급여,원,10584.0
2015,10,기간제근로자,월임금총액,천원,2083.0
2015,10,기간제근로자,월급여액,천원,1987.0
2015,10,기간제근로자,정액급여,천원,1821.0
2015,10,기간제근로자,초과급여,천원,167.0
2015,10,기간제근로자,전년도 연간특별급여/12개월,천원,95.0
2015,10,기간제근로자,전년도 연간특별급여,천원,1146.0
2016,10,기간제근로자,총근로일수,일,21.4
2016,10,기간제근로자,총근로시간,시간,183.9
2016,10,기간제근로자,소정실근로시간,시간,169.6
2016,10,기간제근로자,초과근로시간,시간,14.3
2016,10,기간제근로자,휴일근로시간,시간,4.3
2016,10,기간제근로자,시간당임금총액,원,12028.0
2016,10,기간제근로자,시간당정액급여,원,11238.0
2016,10,기간제근로자,월임금총액,천원,2165.0
2016,10,기간제근로자,월급여액,천원,2058.0
2016,10,기간제근로자,정액급여,천원,1881.0
2016,10,기간제근로자,초과급여,천원,177.0
2016,10,기간제근로자,전년도 연간특별급여/12개월,천원,107.0
2016,10,기간제근로자,전년도 연간특별급여,천원,1286.0
2017,10,기간제근로자,총근로일수,일,21.3
2017,10,기간제근로자,총근로시간,시간,182.6
2017,10,기간제근로자,소정실근로시간,시간,168.3
2017,10,기간제근로자,초과근로시간,시간,14.2
2017,10,기간제근로자,휴일근로시간,시간,4.5
2017,10,기간제근로자,시간당임금총액,원,12878.0
2017,10,기간제근로자,시간당정액급여,원,12089.0
2017,10,기간제근로자,월임금총액,천원,2286.0
2017,10,기간제근로자,월급여액,천원,2190.0
2017,10,기간제근로자,정액급여,천원,1997.0
2017,10,기간제근로자,초과급여,천원,193.0
2017,10,기간제근로자,전년도 연간특별급여/12개월,천원,96.0
2017,10,기간제근로자,전년도 연간특별급여,천원,1152.0
2018,10,기간제근로자,총근로일수,일,20.0
2018,10,기간제근로자,총근로시간,시간,170.3
2018,10,기간제근로자,소정실근로시간,시간,157.6
2018,10,기간제근로자,초과근로시간,시간,12.7
2018,10,기간제근로자,휴일근로시간,시간,4.5
2018,10,기간제근로자,시간당임금총액,원,14680.0
2018,10,기간제근로자,시간당정액급여,원,13894.0
2018,10,기간제근로자,월임금총액,천원,2435.0
2018,10,기간제근로자,월급여액,천원,2339.0
2018,10,기간제근로자,정액급여,천원,2152.0
2018,10,기간제근로자,초과급여,천원,187.0
2018,10,기간제근로자,전년도 연간특별급여/12개월,천원,96.0
2018,10,기간제근로자,전년도 연간특별급여,천원,1154.0
2019,10,기간제근로자,총근로일수,일,19.3
2019,10,기간제근로자,총근로시간,시간,160.6
2019,10,기간제근로자,소정실근로시간,시간,149.6
2019,10,기간제근로자,초과근로시간,시간,11.0
2019,10,기간제근로자,휴일근로시간,시간,3.4
2019,10,기간제근로자,시간당임금총액,원,15501.0
2019,10,기간제근로자,시간당정액급여,원,14777.0
2019,10,기간제근로자,월임금총액,천원,2440.0
2019,10,기간제근로자,월급여액,천원,2347.0
2019,10,기간제근로자,정액급여,천원,2174.0
2019,10,기간제근로자,초과급여,천원,173.0
2019,10,기간제근로자,전년도 연간특별급여/12개월,천원,93.0
2019,10,기간제근로자,전년도 연간특별급여,천원,1118.0
2020,10,기간제근로자,총근로일수,일,20.9
2020,10,기간제근로자,총근로시간,시간,172.7
2020,10,기간제근로자,소정실근로시간,시간,163.0
2020,10,기간제근로자,초과근로시간,시간,9.7
2020,10,기간제근로자,휴일근로시간,시간,2.6
2020,10,기간제근로자,시간당임금총액,원,14719.0
2020,10,기간제근로자,시간당정액급여,원,13913.0
2020,10,기간제근로자,월임금총액,천원,2507.0
2020,10,기간제근로자,월급여액,천원,2405.0
2020,10,기간제근로자,정액급여,천원,2237.0
2020,10,기간제근로자,초과급여,천원,168.0
2020,10,기간제근로자,전년도 연간특별급여/12개월,천원,102.0
2020,10,기간제근로자,전년도 연간특별급여,천원,1223.0
2021,10,기간제근로자,총근로일수,일,21.0
2021,10,기간제근로자,총근로시간,시간,175.7
2021,10,기간제근로자,소정실근로시간,시간,164.8
2021,10,기간제근로자,초과근로시간,시간,10.8
2021,10,기간제근로자,휴일근로시간,시간,2.6
2021,10,기간제근로자,시간당임금총액,원,15069.0
2021,10,기간제근로자,시간당정액급여,원,14223.0
2021,10,기간제근로자,월임금총액,천원,2621.0
2021,10,기간제근로자,월급여액,천원,2521.0
2021,10,기간제근로자,정액급여,천원,2324.0
2021,10,기간제근로자,초과급여,천원,197.0
2021,10,기간제근로자,전년도 연간특별급여/12개월,천원,100.0
2021,10,기간제근로자,전년도 연간특별급여,천원,1206.0
2022,10,기간제근로자,총근로일수,일,19.9
2022,10,기간제근로자,총근로시간,시간,167.1
2022,10,기간제근로자,소정실근로시간,시간,155.3
2022,10,기간제근로자,초과근로시간,시간,11.9
2022,10,기간제근로자,휴일근로시간,시간,3.5
2022,10,기간제근로자,시간당임금총액,원,17517.0
2022,10,기간제근로자,시간당정액급여,원,16381.0
2022,10,기간제근로자,월임금총액,천원,2892.0
2022,10,기간제근로자,월급여액,천원,2751.0
2022,10,기간제근로자,정액급여,천원,2525.0
2022,10,기간제근로자,초과급여,천원,226.0
2022,10,기간제근로자,전년도 연간특별급여/12개월,천원,141.0
2022,10,기간제근로자,전년도 연간특별급여,천원,1694.0
2023,10,기간제근로자,총근로일수,일,20.4
2023,10,기간제근로자,총근로시간,시간,169.7
2023,10,기간제근로자,소정실근로시간,시간,158.9
2023,10,기간제근로자,초과근로시간,시간,10.8
2023,10,기간제근로자,휴일근로시간,시간,3.0
2023,10,기간제근로자,시간당임금총액,원,17972.0
2023,10,기간제근로자,시간당정액급여,원,16886.0
2023,10,기간제근로자,월임금총액,천원,3002.0
2023,10,기간제근로자,월급여액,천원,2865.0
2023,10,기간제근로자,정액급여,천원,2643.0
2023,10,기간제근로자,초과급여,천원,222.0
2023,10,기간제근로자,전년도 연간특별급여/12개월,천원,137.0
2023,10,기간제근로자,전년도 연간특별급여,천원,1646.0
2024,10,기간제근로자,총근로일수,일,19.1
2024,10,기간제근로자,총근로시간,시간,159.4
2024,10,기간제근로자,소정실근로시간,시간,148.0
2024,10,기간제근로자,초과근로시간,시간,11.4
2024,10,기간제근로자,휴일근로시간,시간,3.3
2024,10,기간제근로자,시간당임금총액,원,19588.0
2024,10,기간제근로자,시간당정액급여,원,18580.0
2024,10,기간제근로자,월임금총액,천원,3089.0
2024,10,기간제근로자,월급여액,천원,2962.0
2024,10,기간제근로자,정액급여,천원,2734.0
2024,10,기간제근로자,초과급여,천원,228.0
2024,10,기간제근로자,전년도 연간특별급여/12개월,천원,127.0
2024,10,기간제근로자,전년도 연간특별급여,천원,1519.0
2025,10,기간제근로자,총근로일수,일,19.1
2025,10,기간제근로자,총근로시간,시간,159.0
2025,10,기간제근로자,소정실근로시간,시간,146.7
2025,10,기간제근로자,초과근로시간,시간,12.3
2025,10,기간제근로자,휴일근로시간,시간,3.7
2025,10,기간제근로자,시간당임금총액,원,20097.0
2025,10,기간제근로자,시간당정액급여,원,19007.0
2025,10,기간제근로자,월임금총액,천원,3158.0
2025,10,기간제근로자,월급여액,천원,3028.0
2025,10,기간제근로자,정액급여,천원,2774.0
2025,10,기간제근로자,초과급여,천원,254.0
2025,10,기간제근로자,전년도 연간특별급여/12개월,천원,130.0
2025,10,기간제근로자,전년도 연간특별급여,천원,1561.0
2007,11,한시적근로자,총근로일수,일,23.0
2007,11,한시적근로자,총근로시간,시간,193.1
2007,11,한시적근로자,소정실근로시간,시간,188.7
2007,11,한시적근로자,초과근로시간,시간,4.4
2007,11,한시적근로자,휴일근로시간,시간,
2007,11,한시적근로자,시간당임금총액,원,7740.0
2007,11,한시적근로자,시간당정액급여,원,7719.0
2007,11,한시적근로자,월임금총액,천원,1375.0
2007,11,한시적근로자,월급여액,천원,1366.0
2007,11,한시적근로자,정액급여,천원,1345.0
2007,11,한시적근로자,초과급여,천원,21.0
2007,11,한시적근로자,전년도 연간특별급여/12개월,천원,9.0
2007,11,한시적근로자,전년도 연간특별급여,천원,106.0
2008,11,한시적근로자,총근로일수,일,22.8
2008,11,한시적근로자,총근로시간,시간,187.1
2008,11,한시적근로자,소정실근로시간,시간,185.3
2008,11,한시적근로자,초과근로시간,시간,1.8
2008,11,한시적근로자,휴일근로시간,시간,
2008,11,한시적근로자,시간당임금총액,원,7966.0
2008,11,한시적근로자,시간당정액급여,원,7868.0
2008,11,한시적근로자,월임금총액,천원,1353.0
2008,11,한시적근로자,월급여액,천원,1344.0
2008,11,한시적근로자,정액급여,천원,1322.0
2008,11,한시적근로자,초과급여,천원,22.0
2008,11,한시적근로자,전년도 연간특별급여/12개월,천원,9.0
2008,11,한시적근로자,전년도 연간특별급여,천원,104.0
2009,11,한시적근로자,총근로일수,일,22.3
2009,11,한시적근로자,총근로시간,시간,193.4
2009,11,한시적근로자,소정실근로시간,시간,190.8
2009,11,한시적근로자,초과근로시간,시간,2.6
2009,11,한시적근로자,휴일근로시간,시간,
2009,11,한시적근로자,시간당임금총액,원,7359.0
2009,11,한시적근로자,시간당정액급여,원,7323.0
2009,11,한시적근로자,월임금총액,천원,1321.0
2009,11,한시적근로자,월급여액,천원,1314.0
2009,11,한시적근로자,정액급여,천원,1294.0
2009,11,한시적근로자,초과급여,천원,20.0
2009,11,한시적근로자,전년도 연간특별급여/12개월,천원,7.0
2009,11,한시적근로자,전년도 연간특별급여,천원,81.0
2010,11,한시적근로자,총근로일수,일,21.7
2010,11,한시적근로자,총근로시간,시간,189.7
2010,11,한시적근로자,소정실근로시간,시간,187.3
2010,11,한시적근로자,초과근로시간,시간,2.4
2010,11,한시적근로자,휴일근로시간,시간,
2010,11,한시적근로자,시간당임금총액,원,7325.0
2010,11,한시적근로자,시간당정액급여,원,7279.0
2010,11,한시적근로자,월임금총액,천원,1325.0
2010,11,한시적근로자,월급여액,천원,1319.0
2010,11,한시적근로자,정액급여,천원,1299.0
2010,11,한시적근로자,초과급여,천원,20.0
2010,11,한시적근로자,전년도 연간특별급여/12개월,천원,6.0
2010,11,한시적근로자,전년도 연간특별급여,천원,71.0
2011,11,한시적근로자,총근로일수,일,21.6
2011,11,한시적근로자,총근로시간,시간,180.3
2011,11,한시적근로자,소정실근로시간,시간,178.8
2011,11,한시적근로자,초과근로시간,시간,1.6
2011,11,한시적근로자,휴일근로시간,시간,
2011,11,한시적근로자,시간당임금총액,원,7923.0
2011,11,한시적근로자,시간당정액급여,원,7845.0
2011,11,한시적근로자,월임금총액,천원,1399.0
2011,11,한시적근로자,월급여액,천원,1392.0
2011,11,한시적근로자,정액급여,천원,1371.0
2011,11,한시적근로자,초과급여,천원,21.0
2011,11,한시적근로자,전년도 연간특별급여/12개월,천원,7.0
2011,11,한시적근로자,전년도 연간특별급여,천원,85.0
2012,11,한시적근로자,총근로일수,일,20.5
2012,11,한시적근로자,총근로시간,시간,166.2
2012,11,한시적근로자,소정실근로시간,시간,165.0
2012,11,한시적근로자,초과근로시간,시간,1.2
2012,11,한시적근로자,휴일근로시간,시간,
2012,11,한시적근로자,시간당임금총액,원,9959.0
2012,11,한시적근로자,시간당정액급여,원,9814.0
2012,11,한시적근로자,월임금총액,천원,1526.0
2012,11,한시적근로자,월급여액,천원,1517.0
2012,11,한시적근로자,정액급여,천원,1500.0
2012,11,한시적근로자,초과급여,천원,17.0
2012,11,한시적근로자,전년도 연간특별급여/12개월,천원,9.0
2012,11,한시적근로자,전년도 연간특별급여,천원,103.0
2013,11,한시적근로자,총근로일수,일,20.0
2013,11,한시적근로자,총근로시간,시간,165.7
2013,11,한시적근로자,소정실근로시간,시간,163.7
2013,11,한시적근로자,초과근로시간,시간,1.9
2013,11,한시적근로자,휴일근로시간,시간,
2013,11,한시적근로자,시간당임금총액,원,9207.0
2013,11,한시적근로자,시간당정액급여,원,9104.0
2013,11,한시적근로자,월임금총액,천원,1444.0
2013,11,한시적근로자,월급여액,천원,1432.0
2013,11,한시적근로자,정액급여,천원,1410.0
2013,11,한시적근로자,초과급여,천원,23.0
2013,11,한시적근로자,전년도 연간특별급여/12개월,천원,11.0
2013,11,한시적근로자,전년도 연간특별급여,천원,136.0
2014,11,한시적근로자,총근로일수,일,19.6
2014,11,한시적근로자,총근로시간,시간,160.3
2014,11,한시적근로자,소정실근로시간,시간,154.2
2014,11,한시적근로자,초과근로시간,시간,6.1
2014,11,한시적근로자,휴일근로시간,시간,
2014,11,한시적근로자,시간당임금총액,원,9910.0
2014,11,한시적근로자,시간당정액급여,원,10088.0
2014,11,한시적근로자,월임금총액,천원,1534.0
2014,11,한시적근로자,월급여액,천원,1525.0
2014,11,한시적근로자,정액급여,천원,1441.0
2014,11,한시적근로자,초과급여,천원,85.0
2014,11,한시적근로자,전년도 연간특별급여/12개월,천원,9.0
2014,11,한시적근로자,전년도 연간특별급여,천원,112.0
2015,11,한시적근로자,총근로일수,일,21.1
2015,11,한시적근로자,총근로시간,시간,167.3
2015,11,한시적근로자,소정실근로시간,시간,165.9
2015,11,한시적근로자,초과근로시간,시간,1.5
2015,11,한시적근로자,휴일근로시간,시간,0.7
2015,11,한시적근로자,시간당임금총액,원,8643.0
2015,11,한시적근로자,시간당정액급여,원,8521.0
2015,11,한시적근로자,월임금총액,천원,1386.0
2015,11,한시적근로자,월급여액,천원,1378.0
2015,11,한시적근로자,정액급여,천원,1353.0
2015,11,한시적근로자,초과급여,천원,25.0
2015,11,한시적근로자,전년도 연간특별급여/12개월,천원,9.0
2015,11,한시적근로자,전년도 연간특별급여,천원,104.0
2016,11,한시적근로자,총근로일수,일,19.9
2016,11,한시적근로자,총근로시간,시간,150.7
2016,11,한시적근로자,소정실근로시간,시간,149.2
2016,11,한시적근로자,초과근로시간,시간,1.5
2016,11,한시적근로자,휴일근로시간,시간,0.3
2016,11,한시적근로자,시간당임금총액,원,8960.0
2016,11,한시적근로자,시간당정액급여,원,8885.0
2016,11,한시적근로자,월임금총액,천원,1296.0
2016,11,한시적근로자,월급여액,천원,1288.0
2016,11,한시적근로자,정액급여,천원,1271.0
2016,11,한시적근로자,초과급여,천원,17.0
2016,11,한시적근로자,전년도 연간특별급여/12개월,천원,7.0
2016,11,한시적근로자,전년도 연간특별급여,천원,90.0
2017,11,한시적근로자,총근로일수,일,19.1
2017,11,한시적근로자,총근로시간,시간,152.3
2017,11,한시적근로자,소정실근로시간,시간,149.9
2017,11,한시적근로자,초과근로시간,시간,2.4
2017,11,한시적근로자,휴일근로시간,시간,0.8
2017,11,한시적근로자,시간당임금총액,원,9226.0
2017,11,한시적근로자,시간당정액급여,원,9154.0
2017,11,한시적근로자,월임금총액,천원,1397.0
2017,11,한시적근로자,월급여액,천원,1389.0
2017,11,한시적근로자,정액급여,천원,1361.0
2017,11,한시적근로자,초과급여,천원,28.0
2017,11,한시적근로자,전년도 연간특별급여/12개월,천원,8.0
2017,11,한시적근로자,전년도 연간특별급여,천원,91.0
2018,11,한시적근로자,총근로일수,일,17.2
2018,11,한시적근로자,총근로시간,시간,132.4
2018,11,한시적근로자,소정실근로시간,시간,130.0
2018,11,한시적근로자,초과근로시간,시간,2.4
2018,11,한시적근로자,휴일근로시간,시간,0.8
2018,11,한시적근로자,시간당임금총액,원,10046.0
2018,11,한시적근로자,시간당정액급여,원,9957.0
2018,11,한시적근로자,월임금총액,천원,1325.0
2018,11,한시적근로자,월급여액,천원,1317.0
2018,11,한시적근로자,정액급여,천원,1283.0
2018,11,한시적근로자,초과급여,천원,34.0
2018,11,한시적근로자,전년도 연간특별급여/12개월,천원,8.0
2018,11,한시적근로자,전년도 연간특별급여,천원,98.0
2019,11,한시적근로자,총근로일수,일,17.1
2019,11,한시적근로자,총근로시간,시간,112.0
2019,11,한시적근로자,소정실근로시간,시간,111.1
2019,11,한시적근로자,초과근로시간,시간,0.9
2019,11,한시적근로자,휴일근로시간,시간,0.4
2019,11,한시적근로자,시간당임금총액,원,11393.0
2019,11,한시적근로자,시간당정액급여,원,11304.0
2019,11,한시적근로자,월임금총액,천원,1259.0
2019,11,한시적근로자,월급여액,천원,1250.0
2019,11,한시적근로자,정액급여,천원,1236.0
2019,11,한시적근로자,초과급여,천원,14.0
2019,11,한시적근로자,전년도 연간특별급여/12개월,천원,9.0
2019,11,한시적근로자,전년도 연간특별급여,천원,112.0
2020,11,한시적근로자,총근로일수,일,18.4
2020,11,한시적근로자,총근로시간,시간,118.9
2020,11,한시적근로자,소정실근로시간,시간,117.5
2020,11,한시적근로자,초과근로시간,시간,1.4
2020,11,한시적근로자,휴일근로시간,시간,0.2
2020,11,한시적근로자,시간당임금총액,원,11566.0
2020,11,한시적근로자,시간당정액급여,원,11485.0
2020,11,한시적근로자,월임금총액,천원,1333.0
2020,11,한시적근로자,월급여액,천원,1323.0
2020,11,한시적근로자,정액급여,천원,1308.0
2020,11,한시적근로자,초과급여,천원,15.0
2020,11,한시적근로자,전년도 연간특별급여/12개월,천원,10.0
2020,11,한시적근로자,전년도 연간특별급여,천원,122.0
2021,11,한시적근로자,총근로일수,일,16.9
2021,11,한시적근로자,총근로시간,시간,118.0
2021,11,한시적근로자,소정실근로시간,시간,116.9
2021,11,한시적근로자,초과근로시간,시간,1.1
2021,11,한시적근로자,휴일근로시간,시간,0.1
2021,11,한시적근로자,시간당임금총액,원,12068.0
2021,11,한시적근로자,시간당정액급여,원,12025.0
2021,11,한시적근로자,월임금총액,천원,1386.0
2021,11,한시적근로자,월급여액,천원,1379.0
2021,11,한시적근로자,정액급여,천원,1365.0
2021,11,한시적근로자,초과급여,천원,14.0
2021,11,한시적근로자,전년도 연간특별급여/12개월,천원,7.0
2021,11,한시적근로자,전년도 연간특별급여,천원,86.0
2022,11,한시적근로자,총근로일수,일,16.6
2022,11,한시적근로자,총근로시간,시간,116.2
2022,11,한시적근로자,소정실근로시간,시간,114.5
2022,11,한시적근로자,초과근로시간,시간,1.7
2022,11,한시적근로자,휴일근로시간,시간,1.0
2022,11,한시적근로자,시간당임금총액,원,12638.0
2022,11,한시적근로자,시간당정액급여,원,12473.0
2022,11,한시적근로자,월임금총액,천원,1509.0
2022,11,한시적근로자,월급여액,천원,1495.0
2022,11,한시적근로자,정액급여,천원,1457.0
2022,11,한시적근로자,초과급여,천원,38.0
2022,11,한시적근로자,전년도 연간특별급여/12개월,천원,14.0
2022,11,한시적근로자,전년도 연간특별급여,천원,172.0
2023,11,한시적근로자,총근로일수,일,17.7
2023,11,한시적근로자,총근로시간,시간,118.5
2023,11,한시적근로자,소정실근로시간,시간,116.6
2023,11,한시적근로자,초과근로시간,시간,1.9
2023,11,한시적근로자,휴일근로시간,시간,1.1
2023,11,한시적근로자,시간당임금총액,원,12971.0
2023,11,한시적근로자,시간당정액급여,원,12835.0
2023,11,한시적근로자,월임금총액,천원,1556.0
2023,11,한시적근로자,월급여액,천원,1549.0
2023,11,한시적근로자,정액급여,천원,1511.0
2023,11,한시적근로자,초과급여,천원,39.0
2023,11,한시적근로자,전년도 연간특별급여/12개월,천원,7.0
2023,11,한시적근로자,전년도 연간특별급여,천원,80.0
2024,11,한시적근로자,총근로일수,일,16.7
2024,11,한시적근로자,총근로시간,시간,113.0
2024,11,한시적근로자,소정실근로시간,시간,111.1
2024,11,한시적근로자,초과근로시간,시간,1.9
2024,11,한시적근로자,휴일근로시간,시간,0.7
2024,11,한시적근로자,시간당임금총액,원,14066.0
2024,11,한시적근로자,시간당정액급여,원,13980.0
2024,11,한시적근로자,월임금총액,천원,1624.0
2024,11,한시적근로자,월급여액,천원,1618.0
2024,11,한시적근로자,정액급여,천원,1588.0
2024,11,한시적근로자,초과급여,천원,30.0
2024,11,한시적근로자,전년도 연간특별급여/12개월,천원,6.0
2024,11,한시적근로자,전년도 연간특별급여,천원,76.0
2025,11,한시적근로자,총근로일수,일,16.3
2025,11,한시적근로자,총근로시간,시간,112.8
2025,11,한시적근로자,소정실근로시간,시간,110.9
2025,11,한시적근로자,초과근로시간,시간,1.9
2025,11,한시적근로자,휴일근로시간,시간,0.8
2025,11,한시적근로자,시간당임금총액,원,14591.0
2025,11,한시적근로자,시간당정액급여,원,14492.0
2025,11,한시적근로자,월임금총액,천원,1665.0
2025,11,한시적근로자,월급여액,천원,1658.0
2025,11,한시적근로자,정액급여,천원,1627.0
2025,11,한시적근로자,초과급여,천원,31.0
2025,11,한시적근로자,전년도 연간특별급여/12개월,천원,7.0
2025,11,한시적근로자,전년도 연간특별급여,천원,80.0
